feature0,feature1,feature2,feature3,feature4,feature5,feature6,feature7,feature8,feature9,feature10,feature11,feature12,feature13,feature14,feature15,feature16,feature17,feature18,feature19,G_ads (eV),slab db row,CO_out.dbrow
0,0,0,1,0,1,0,3,1,1,0,0,0,0,3,1,0,0,2,0,-0.617089,1,1
0,0,1,0,0,0,0,3,1,2,0,1,1,0,1,0,0,1,2,0,0.109900,1,2
0,0,0,0,1,1,0,2,2,1,0,0,2,0,1,2,0,0,1,0,-0.842494,1,3
0,0,1,0,0,1,0,2,2,1,0,1,0,1,1,0,0,0,2,1,0.054354,1,4
0,0,0,0,1,1,0,3,1,1,0,2,1,0,0,0,1,0,2,0,-0.930563,1,5
1,0,0,0,0,0,0,3,1,2,1,0,1,0,1,1,1,0,0,1,0.446510,1,6
0,0,0,1,0,0,0,3,1,2,0,1,0,1,1,1,0,0,2,0,-0.555943,1,7
0,0,1,0,0,1,0,2,2,1,1,1,0,0,1,0,1,1,1,0,0.040945,1,8
0,0,1,0,0,1,0,3,1,1,1,0,1,1,0,1,0,1,0,1,0.079448,1,9
0,0,1,0,0,3,0,1,1,1,0,0,2,1,0,2,0,1,0,0,0.085867,2,10
0,0,0,0,1,2,1,1,1,1,1,0,2,0,0,3,0,0,0,0,-0.675608,2,11
0,0,0,1,0,1,1,2,0,2,1,0,2,0,0,1,0,1,1,0,-0.247163,2,12
1,0,0,0,0,1,1,2,0,2,0,1,1,1,0,3,0,0,0,0,0.434634,2,13
0,0,0,0,1,3,0,1,1,1,0,0,2,0,1,3,0,0,0,0,-0.853228,2,14
1,0,0,0,0,2,1,1,1,1,0,0,2,1,0,2,0,1,0,0,0.492968,2,15
0,0,1,0,0,2,1,1,1,1,0,1,1,0,1,2,0,0,1,0,0.058434,2,16
1,0,0,0,0,1,1,2,0,2,0,0,2,0,1,3,0,0,0,0,0.503093,2,17
0,1,0,0,0,3,0,1,1,1,1,1,1,0,0,2,0,0,1,0,0.507397,2,18
1,0,0,0,0,0,2,1,2,1,0,1,0,1,1,0,0,1,2,0,0.514034,3,19
0,0,0,1,0,2,1,1,1,1,1,0,0,1,1,0,0,1,1,1,-0.440646,3,20
0,1,0,0,0,2,1,0,3,0,0,2,0,1,0,1,0,1,0,1,0.457324,3,21
0,0,1,0,0,2,1,0,3,0,2,0,0,1,0,0,0,1,1,1,0.069327,3,22
0,0,0,1,0,0,2,1,2,1,1,1,1,0,0,0,0,0,0,3,-0.347450,3,23
0,0,0,1,0,2,1,1,1,1,0,2,0,1,0,0,0,2,0,1,-0.520009,3,24
0,1,0,0,0,2,1,1,1,1,1,1,1,0,0,1,0,0,1,1,0.481571,3,25
0,0,0,0,1,2,1,0,3,0,0,1,1,0,1,0,0,1,1,1,-0.938316,3,26
1,0,0,0,0,0,2,1,2,1,1,1,0,1,0,1,0,2,0,0,0.496617,3,27
0,0,0,1,0,0,2,0,3,1,0,0,3,0,0,0,1,1,0,1,-0.231113,4,28
0,1,0,0,0,0,2,0,4,0,1,1,1,0,0,1,0,1,0,1,0.441344,4,29
0,1,0,0,0,0,2,0,3,1,1,0,1,1,0,1,1,0,1,0,0.490033,4,30
0,0,0,1,0,0,2,0,3,1,0,2,1,0,0,1,0,1,1,0,-0.397931,4,31
0,0,0,1,0,0,2,0,3,1,0,1,0,2,0,2,0,0,1,0,-0.469570,4,32
0,0,0,0,1,0,2,0,4,0,0,0,1,1,1,2,1,0,0,0,-0.987654,4,33
0,0,0,1,0,0,2,0,4,0,0,1,1,1,0,0,0,0,2,1,-0.499538,4,34
0,0,0,1,0,0,2,0,3,1,0,0,1,1,1,1,0,0,0,2,-0.419377,4,35
0,1,0,0,0,0,2,0,3,1,1,1,0,0,1,1,0,0,1,1,0.517145,4,36
0,0,0,1,0,3,0,0,2,1,1,0,0,1,1,1,1,0,0,1,-0.606759,5,37
1,0,0,0,0,1,1,0,3,1,0,0,1,2,0,0,1,1,1,0,0.496324,5,38
0,0,0,1,0,2,1,0,3,0,1,0,1,0,1,1,0,1,1,0,-0.589959,5,39
1,0,0,0,0,2,1,0,3,0,0,0,0,2,1,0,1,0,0,2,0.424261,5,40
0,0,0,1,0,3,0,0,2,1,0,1,0,1,1,1,0,1,0,1,-0.579643,5,41
1,0,0,0,0,1,1,0,3,1,0,0,0,1,2,2,0,0,0,1,0.465799,5,42
0,0,0,1,0,1,1,0,3,1,1,1,0,1,0,0,0,0,1,2,-0.577066,5,43
0,0,0,0,1,2,1,0,3,0,0,1,0,2,0,1,0,0,1,1,-1.141018,5,44
0,1,0,0,0,3,0,0,2,1,0,0,1,2,0,0,0,0,2,1,0.451713,5,45
0,1,0,0,0,2,1,1,2,0,0,1,0,0,2,1,0,1,0,1,0.391847,6,46
0,1,0,0,0,3,1,1,1,0,1,0,0,0,2,0,0,2,0,1,0.383702,6,47
0,0,1,0,0,3,2,0,1,0,1,0,1,0,1,1,0,0,0,2,0.072546,6,48
0,0,0,1,0,3,2,0,1,0,0,1,1,0,1,1,1,1,0,0,-0.549480,6,49
1,0,0,0,0,2,1,1,2,0,0,0,1,1,1,0,2,0,0,1,0.501498,6,50
1,0,0,0,0,3,1,1,1,0,0,2,1,0,0,1,1,0,0,1,0.503729,6,51
0,0,0,1,0,3,1,1,1,0,0,0,1,1,1,2,1,0,0,0,-0.590599,6,52
1,0,0,0,0,3,2,0,1,0,0,1,0,1,1,1,1,1,0,0,0.500379,6,53
1,0,0,0,0,2,1,1,2,0,1,1,1,0,0,2,0,1,0,0,0.500210,6,54
0,0,1,0,0,0,1,3,0,2,0,0,2,0,1,0,1,1,0,1,0.077810,7,55
0,0,0,0,1,0,1,4,1,0,0,0,2,1,0,0,1,1,1,0,-0.835114,7,56
0,0,1,0,0,0,0,3,1,2,0,0,1,2,0,0,1,0,0,2,0.021493,7,57
0,0,1,0,0,0,0,3,1,2,0,1,1,0,1,0,0,3,0,0,0.092840,7,58
0,0,1,0,0,0,1,3,0,2,0,0,1,1,1,0,1,1,1,0,0.163333,7,59
0,0,1,0,0,0,1,4,1,0,0,0,1,1,1,0,0,1,1,1,0.004970,7,60
0,0,0,0,1,0,1,4,1,0,0,1,1,0,1,0,1,1,0,1,-0.985887,7,61
0,1,0,0,0,0,0,3,1,2,0,0,2,0,1,0,1,0,2,0,0.431126,7,62
0,0,0,1,0,0,1,3,0,2,0,1,1,1,0,0,0,1,1,1,-0.431170,7,63
0,1,0,0,0,1,0,1,3,1,2,0,1,0,0,3,0,0,0,0,0.585684,8,64
0,0,0,0,1,1,2,1,2,0,2,1,0,0,0,1,1,0,0,1,-0.860552,8,65
0,0,1,0,0,0,2,0,3,1,2,0,1,0,0,1,1,0,0,1,0.196373,8,66
0,0,0,1,0,0,2,0,3,1,1,1,1,0,0,1,0,1,1,0,-0.306361,8,67
0,0,0,1,0,1,0,1,3,1,2,1,0,0,0,0,0,0,2,1,-0.451594,8,68
0,0,0,1,0,1,2,1,2,0,2,0,0,0,1,1,0,1,1,0,-0.403731,8,69
0,0,0,1,0,1,2,1,2,0,1,0,2,0,0,1,1,0,1,0,-0.220778,8,70
1,0,0,0,0,0,2,0,3,1,2,0,0,0,1,1,1,0,1,0,0.507324,8,71
0,1,0,0,0,1,0,1,3,1,1,0,1,0,1,0,2,1,0,0,0.406086,8,72
0,0,0,1,0,1,0,2,2,1,0,1,1,1,0,0,0,1,0,2,-0.531457,9,73
0,0,1,0,0,1,0,1,4,0,0,2,0,1,0,0,0,1,0,2,-0.040830,9,74
0,0,0,1,0,2,0,1,2,1,0,0,0,2,1,0,0,0,0,3,-0.609661,9,75
0,0,1,0,0,2,0,1,2,1,0,1,1,0,1,0,1,1,0,1,0.057385,9,76
0,0,0,1,0,1,0,2,2,1,0,1,1,0,1,0,0,1,0,2,-0.598645,9,77
0,0,0,0,1,1,0,1,4,0,0,0,1,0,2,0,1,1,0,1,-1.080389,9,78
1,0,0,0,0,1,0,1,4,0,0,0,1,1,1,0,0,0,0,3,0.464587,9,79
0,0,0,1,0,2,0,1,2,1,0,1,1,0,1,0,0,1,0,2,-0.614187,9,80
1,0,0,0,0,1,0,2,2,1,0,0,0,1,2,0,1,0,0,2,0.418122,9,81
0,0,0,0,1,2,1,1,1,1,1,1,0,0,1,0,2,1,0,0,-0.946568,10,82
0,0,1,0,0,1,0,0,2,3,0,2,0,1,0,0,1,1,1,0,0.130481,10,83
1,0,0,0,0,1,1,1,1,2,1,1,1,0,0,0,1,1,1,0,0.454980,10,84
0,0,0,1,0,1,1,1,1,2,0,0,0,2,1,0,3,0,0,0,-0.430798,10,85
0,0,0,0,1,2,1,1,1,1,1,0,1,1,0,0,1,0,1,1,-0.859446,10,86
1,0,0,0,0,1,0,0,2,3,0,1,1,0,1,0,1,1,0,1,0.527172,10,87
0,1,0,0,0,1,0,0,2,3,2,0,0,1,0,0,3,0,0,0,0.530635,10,88
0,0,0,0,1,1,1,1,1,2,1,2,0,0,0,0,1,1,0,1,-0.880835,10,89
0,0,0,1,0,2,1,1,1,1,0,2,0,1,0,0,2,1,0,0,-0.514849,10,90
0,0,0,0,1,2,1,1,2,0,0,0,2,0,1,2,0,1,0,0,-0.972252,11,91
0,0,0,1,0,1,1,1,1,2,1,0,2,0,0,2,0,0,1,0,-0.295366,11,92
0,0,1,0,0,1,2,0,1,2,2,0,0,0,1,2,0,0,0,1,0.078228,11,93
1,0,0,0,0,1,2,0,1,2,0,0,2,0,1,1,0,0,0,2,0.533161,11,94
0,1,0,0,0,2,1,1,2,0,1,0,2,0,0,1,1,0,0,1,0.532603,11,95
0,1,0,0,0,1,1,1,1,2,1,1,1,0,0,1,1,0,0,1,0.512198,11,96
1,0,0,0,0,1,1,1,1,2,0,0,1,0,2,0,0,1,0,2,0.442420,11,97
0,0,0,1,0,1,2,0,1,2,0,1,2,0,0,0,1,1,1,0,-0.301927,11,98
0,0,0,0,1,2,1,1,2,0,1,1,0,0,1,0,0,0,1,2,-0.977839,11,99
0,0,0,1,0,4,0,0,1,1,0,0,2,0,1,1,0,0,2,0,-0.618724,12,100
1,0,0,0,0,2,0,0,2,2,0,0,0,0,3,0,0,0,2,1,0.407098,12,101
1,0,0,0,0,4,0,0,1,1,0,1,1,0,1,1,0,0,1,1,0.465888,12,102
0,0,0,1,0,4,0,0,1,1,0,0,1,0,2,1,0,0,2,0,-0.680859,12,103
0,0,0,0,1,4,0,0,1,1,0,1,0,0,2,0,1,0,1,1,-1.191477,12,104
1,0,0,0,0,2,0,0,2,2,0,1,1,1,0,2,1,0,0,0,0.493971,12,105
1,0,0,0,0,2,0,0,2,2,0,0,1,0,2,0,0,0,3,0,0.458606,12,106
0,0,0,0,1,4,0,0,1,1,0,0,0,1,2,0,1,0,2,0,-1.175684,12,107
1,0,0,0,0,4,0,0,1,1,0,0,0,1,2,1,0,0,2,0,0.440768,12,108
0,0,1,0,0,1,1,1,2,1,1,1,0,0,1,0,1,0,1,1,0.081147,13,109
0,0,0,0,1,2,0,3,1,0,1,1,0,0,1,0,1,0,1,1,-1.200950,13,110
0,0,1,0,0,1,1,2,1,1,0,2,0,1,0,0,2,1,0,0,0.145694,13,111
0,0,0,1,0,1,1,2,1,1,3,0,0,0,0,0,1,1,0,1,-0.393325,13,112
1,0,0,0,0,1,1,1,2,1,1,0,0,2,0,0,1,2,0,0,0.541983,13,113
0,0,0,1,0,2,0,3,1,0,1,0,0,1,1,0,2,1,0,0,-0.583695,13,114
0,1,0,0,0,2,0,3,1,0,1,1,0,1,0,0,0,2,1,0,0.468883,13,115
1,0,0,0,0,1,1,2,1,1,0,0,0,1,2,0,0,1,2,0,0.477871,13,116
0,0,1,0,0,1,1,1,2,1,1,1,0,0,1,0,1,1,1,0,0.132091,13,117
1,0,0,0,0,1,1,2,0,2,1,0,1,0,1,3,0,0,0,0,0.468639,14,118
0,0,0,0,1,1,1,2,1,1,0,1,1,0,1,1,0,1,0,1,-1.028839,14,119
0,0,1,0,0,2,0,0,1,3,0,0,0,1,2,1,0,2,0,0,0.094536,14,120
0,1,0,0,0,2,0,0,1,3,1,1,0,1,0,1,0,0,0,2,0.514055,14,121
0,0,0,0,1,1,1,2,0,2,0,2,0,1,0,0,1,1,0,1,-0.915550,14,122
1,0,0,0,0,1,1,2,1,1,1,0,0,2,0,1,1,0,0,1,0.481498,14,123
0,0,0,0,1,1,1,2,1,1,0,1,0,1,1,1,0,1,0,1,-1.010399,14,124
0,0,1,0,0,2,0,0,1,3,0,1,1,1,0,1,1,0,0,1,0.126250,14,125
0,0,0,1,0,1,1,2,0,2,0,0,0,2,1,0,0,1,0,2,-0.488423,14,126
0,0,1,0,0,3,0,2,1,0,0,1,1,0,1,0,0,1,1,1,-0.003253,15,127
0,0,0,1,0,2,1,2,1,0,1,1,0,1,0,0,0,1,1,1,-0.552538,15,128
1,0,0,0,0,1,1,2,2,0,1,0,0,1,1,0,0,1,1,1,0.473533,15,129
1,0,0,0,0,1,1,2,2,0,0,0,2,1,0,1,0,1,0,1,0.562120,15,130
0,0,0,1,0,3,0,2,1,0,0,1,0,2,0,0,1,1,1,0,-0.591807,15,131
1,0,0,0,0,2,1,2,1,0,0,1,1,1,0,1,1,1,0,0,0.519903,15,132
0,0,1,0,0,2,1,2,1,0,0,1,1,0,1,0,0,1,1,1,0.062982,15,133
0,0,1,0,0,1,1,2,2,0,0,3,0,0,0,0,1,1,1,0,0.015814,15,134
0,1,0,0,0,3,0,2,1,0,1,1,1,0,0,1,0,1,0,1,0.492036,15,135
0,0,0,1,0,3,1,1,1,0,0,1,1,0,1,1,1,0,1,0,-0.489649,16,136
1,0,0,0,0,2,1,2,1,0,1,1,1,0,0,1,0,0,2,0,0.511704,16,137
0,1,0,0,0,3,0,1,2,0,0,0,2,0,1,2,0,1,0,0,0.493733,16,138
0,0,1,0,0,3,0,1,2,0,1,0,1,0,1,0,0,1,2,0,-0.024734,16,139
1,0,0,0,0,3,1,1,1,0,1,0,1,0,1,1,0,1,1,0,0.487988,16,140
1,0,0,0,0,2,1,2,1,0,0,0,3,0,0,1,0,2,0,0,0.511592,16,141
0,0,0,1,0,2,1,2,1,0,0,0,0,0,3,0,1,1,1,0,-0.559104,16,142
1,0,0,0,0,3,0,1,2,0,0,1,1,0,1,0,1,1,1,0,0.444917,16,143
0,0,1,0,0,3,1,1,1,0,0,0,2,0,1,0,0,2,1,0,0.048509,16,144
0,0,1,0,0,1,2,1,0,2,1,0,0,1,1,2,0,0,0,1,0.168350,17,145
1,0,0,0,0,0,1,3,0,2,0,0,0,2,1,1,0,0,2,0,0.485799,17,146
0,0,1,0,0,1,1,2,0,2,1,0,0,2,0,1,0,1,1,0,0.132697,17,147
0,1,0,0,0,1,1,2,0,2,1,0,0,2,0,1,0,0,1,1,0.520844,17,148
0,0,1,0,0,1,2,1,0,2,1,1,0,1,0,0,0,0,3,0,0.161325,17,149
0,0,0,0,1,0,1,3,0,2,2,1,0,0,0,1,0,0,1,1,-0.953802,17,150
0,1,0,0,0,0,1,3,0,2,0,1,0,2,0,0,0,1,1,1,0.416591,17,151
0,0,0,0,1,1,1,2,0,2,0,2,0,0,1,0,0,0,2,1,-1.011643,17,152
0,0,0,0,1,1,2,1,0,2,0,1,0,2,0,0,0,1,1,1,-0.875369,17,153
0,0,1,0,0,3,1,0,2,0,0,2,0,0,1,0,2,0,0,1,0.023665,18,154
1,0,0,0,0,1,1,2,2,0,1,1,0,1,0,0,1,0,0,2,0.469977,18,155
0,1,0,0,0,4,0,2,0,0,1,0,0,1,1,0,2,0,0,1,0.462043,18,156
0,0,0,1,0,4,0,2,0,0,2,1,0,0,0,1,0,1,0,1,-0.530221,18,157
1,0,0,0,0,3,1,0,2,0,2,1,0,0,0,1,0,1,0,1,0.511048,18,158
1,0,0,0,0,1,1,2,2,0,1,1,0,0,1,2,1,0,0,0,0.471832,18,159
1,0,0,0,0,1,1,2,2,0,1,1,0,0,1,0,2,1,0,0,0.538760,18,160
0,0,0,1,0,4,0,2,0,0,0,2,0,0,1,1,2,0,0,0,-0.623907,18,161
0,0,1,0,0,3,1,0,2,0,1,0,0,1,1,1,2,0,0,0,0.023221,18,162
1,0,0,0,0,1,0,2,0,3,0,2,0,0,1,1,1,0,0,1,0.469747,19,163
0,0,1,0,0,1,1,1,0,3,0,0,0,1,2,3,0,0,0,0,0.171257,19,164
0,0,1,0,0,2,1,1,0,2,0,2,0,0,1,1,0,1,0,1,0.105800,19,165
0,0,0,0,1,2,1,1,0,2,0,1,0,2,0,2,0,0,1,0,-0.966773,19,166
0,1,0,0,0,1,0,2,0,3,1,1,0,1,0,3,0,0,0,0,0.535332,19,167
0,0,0,0,1,1,1,1,0,3,1,2,0,0,0,1,0,0,1,1,-0.894199,19,168
1,0,0,0,0,1,1,1,0,3,1,1,0,1,0,1,1,1,0,0,0.449812,19,169
0,0,0,0,1,2,1,1,0,2,2,0,0,0,1,2,1,0,0,0,-0.901978,19,170
0,0,0,0,1,1,0,2,0,3,1,0,0,1,1,1,0,1,1,0,-0.918254,19,171
0,0,1,0,0,1,0,1,2,2,1,0,1,0,1,0,0,1,1,1,0.114344,20,172
0,0,0,1,0,1,0,2,1,2,2,0,1,0,0,0,0,1,1,1,-0.405083,20,173
0,0,0,0,1,0,0,1,3,2,2,0,1,0,0,0,0,2,0,1,-0.744209,20,174
1,0,0,0,0,0,0,1,3,2,1,0,1,0,1,0,1,0,1,1,0.505605,20,175
0,0,0,0,1,1,0,1,2,2,1,0,1,0,1,0,0,2,0,1,-0.861851,20,176
0,0,0,1,0,1,0,2,1,2,0,1,1,0,1,0,1,1,0,1,-0.419421,20,177
0,0,0,0,1,1,0,2,1,2,1,0,1,0,1,0,0,2,0,1,-0.855770,20,178
0,0,0,1,0,1,0,1,2,2,1,1,1,0,0,0,1,1,0,1,-0.414749,20,180
0,0,1,0,0,1,2,2,1,0,0,1,0,0,2,1,0,1,0,1,-0.010008,21,181
0,0,1,0,0,1,2,3,0,0,0,1,0,1,1,1,0,0,0,2,-0.034474,21,182
0,1,0,0,0,0,2,3,1,0,1,0,0,1,1,1,0,1,0,1,0.435583,21,183
1,0,0,0,0,0,2,3,1,0,0,0,1,0,2,1,0,0,1,1,0.401575,21,184
0,0,1,0,0,1,2,2,1,0,1,0,0,0,2,1,0,0,0,2,0.014291,21,185
0,0,0,1,0,1,2,3,0,0,1,0,0,0,2,1,0,0,1,1,-0.537694,21,186
0,1,0,0,0,1,2,3,0,0,0,0,1,0,2,1,0,2,0,0,0.371764,21,187
0,0,1,0,0,0,2,3,1,0,0,1,0,0,2,1,0,1,0,1,0.019681,21,188
0,1,0,0,0,1,2,2,1,0,0,0,1,1,1,1,0,1,1,0,0.472221,21,189
1,0,0,0,0,1,1,1,2,1,0,1,1,1,0,0,2,0,0,1,0.464535,22,190
0,0,0,1,0,1,1,1,0,3,0,1,0,2,0,1,0,0,1,1,-0.437454,22,191
0,0,1,0,0,2,0,0,2,2,0,0,0,3,0,2,1,0,0,0,0.087947,22,192
0,0,0,0,1,2,0,0,2,2,0,0,2,1,0,0,1,0,1,1,-0.790953,22,193
0,0,0,0,1,1,1,1,2,1,1,0,0,2,0,1,1,0,0,1,-1.024353,22,194
1,0,0,0,0,1,1,1,0,3,1,0,1,1,0,0,1,0,1,1,0.482812,22,195
0,0,0,1,0,1,1,1,0,3,1,0,1,1,0,1,2,0,0,0,-0.387311,22,196
0,1,0,0,0,2,0,0,2,2,2,1,0,0,0,0,1,0,1,1,0.492101,22,197
0,0,0,0,1,1,1,1,2,1,1,0,1,1,0,1,0,0,2,0,-0.886837,22,198
0,0,1,0,0,2,4,0,0,0,2,0,1,0,0,0,2,0,1,0,0.140208,23,199
0,1,0,0,0,3,2,1,0,0,0,0,2,0,1,0,1,0,1,1,0.510533,23,200
0,1,0,0,0,1,4,1,0,0,1,0,1,0,1,0,1,1,0,1,0.422168,23,201
1,0,0,0,0,1,4,1,0,0,1,0,1,0,1,1,1,0,0,1,0.440795,23,202
1,0,0,0,0,2,4,0,0,0,0,0,2,0,1,1,0,0,1,1,0.441841,23,203
0,1,0,0,0,3,2,1,0,0,1,0,1,1,0,0,1,0,1,1,0.468161,23,204
0,1,0,0,0,3,2,1,0,0,1,0,0,0,2,1,0,1,1,0,0.326929,23,205
1,0,0,0,0,1,4,1,0,0,0,0,1,1,1,0,0,0,3,0,0.426209,23,206
0,1,0,0,0,2,4,0,0,0,0,0,0,1,2,0,0,1,1,1,0.281595,23,207
1,0,0,0,0,2,1,1,1,1,0,1,0,2,0,0,0,1,0,2,0.497017,24,208
0,0,0,1,0,4,0,1,0,1,0,1,0,2,0,2,0,0,0,1,-0.570786,24,209
1,0,0,0,0,2,1,2,1,0,0,2,0,1,0,1,0,1,1,0,0.496260,24,210
1,0,0,0,0,2,1,2,1,0,0,2,0,1,0,0,1,0,0,2,0.423648,24,211
0,0,1,0,0,2,1,1,1,1,0,3,0,0,0,2,0,0,0,1,0.069860,24,212
0,0,1,0,0,4,0,1,0,1,0,1,0,1,1,1,1,1,0,0,0.090954,24,213
0,1,0,0,0,4,0,1,0,1,0,3,0,0,0,0,0,0,1,2,0.477110,24,214
0,0,0,0,1,2,1,2,1,0,0,1,0,1,1,2,0,0,0,1,-1.042326,24,215
1,0,0,0,0,2,1,1,1,1,0,1,0,1,1,1,1,0,1,0,0.514634,24,216
1,0,0,0,0,3,3,0,0,0,0,1,1,0,1,0,0,1,1,1,0.479924,25,217
1,0,0,0,0,2,3,1,0,0,1,1,0,1,0,1,0,0,1,1,0.436073,25,218
1,0,0,0,0,3,2,1,0,0,1,0,1,1,0,2,0,0,0,1,0.460774,25,219
0,1,0,0,0,3,2,1,0,0,1,0,0,1,1,1,1,0,1,0,0.390271,25,220
0,1,0,0,0,3,3,0,0,0,0,0,1,2,0,1,1,0,1,0,0.469926,25,221
0,1,0,0,0,2,3,1,0,0,0,0,0,2,1,1,0,0,1,1,0.355727,25,222
1,0,0,0,0,2,3,1,0,0,1,0,2,0,0,1,1,1,0,0,0.565122,25,223
0,1,0,0,0,3,2,1,0,0,0,1,1,1,0,0,0,1,1,1,0.433921,25,224
0,0,1,0,0,3,3,0,0,0,2,0,0,1,0,2,0,0,0,1,0.032124,25,225
0,0,0,0,1,0,2,3,0,1,0,0,1,1,1,0,1,0,1,1,-0.893673,26,226
0,1,0,0,0,1,0,3,0,2,0,1,0,0,2,1,0,1,0,1,0.377335,26,227
0,0,1,0,0,1,2,2,0,1,1,0,0,1,1,0,1,1,0,1,0.185959,26,228
0,0,0,0,1,1,2,2,0,1,1,1,1,0,0,0,1,1,0,1,-0.797258,26,229
1,0,0,0,0,0,2,3,0,1,1,2,0,0,0,0,2,1,0,0,0.504828,26,230
0,0,1,0,0,1,0,3,0,2,1,0,2,0,0,0,2,1,0,0,0.233405,26,231
0,1,0,0,0,1,0,3,0,2,1,1,0,1,0,0,1,0,1,1,0.517201,26,232
0,0,1,0,0,1,2,2,0,1,0,1,1,0,1,1,1,0,1,0,0.067742,26,233
0,0,1,0,0,0,2,3,0,1,1,0,1,0,1,1,0,1,0,1,0.190971,26,234
0,1,0,0,0,1,0,2,2,1,0,0,1,1,1,0,1,1,1,0,0.510716,27,235
1,0,0,0,0,0,1,2,2,1,0,1,1,0,1,1,1,1,0,0,0.502883,27,236
0,0,0,1,0,1,1,2,2,0,1,1,0,1,0,1,2,0,0,0,-0.475926,27,237
0,0,1,0,0,1,1,2,2,0,0,0,3,0,0,0,1,1,1,0,0.162050,27,238
0,0,1,0,0,1,0,2,2,1,2,0,1,0,0,1,0,0,1,1,0.103943,27,239
0,0,1,0,0,0,1,2,2,1,2,0,1,0,0,0,2,0,0,1,0.122592,27,240
0,0,0,1,0,0,1,2,2,1,1,0,1,1,0,0,1,0,2,0,-0.461872,27,241
0,0,0,0,1,1,1,2,2,0,2,0,0,0,1,0,1,0,1,1,-0.970012,27,242
0,0,0,1,0,1,0,2,2,1,1,1,1,0,0,0,3,0,0,0,-0.426242,27,243
0,0,1,0,0,2,1,2,1,0,0,1,1,1,0,1,0,0,1,1,-0.029868,28,244
0,0,1,0,0,2,1,2,1,0,1,0,0,2,0,1,1,0,0,1,0.046106,28,245
1,0,0,0,0,2,0,2,2,0,1,1,0,1,0,1,0,0,1,1,0.488536,28,246
0,1,0,0,0,2,0,2,2,0,1,0,1,1,0,0,0,1,1,1,0.409953,28,247
1,0,0,0,0,2,1,2,1,0,0,0,0,3,0,1,0,2,0,0,0.489199,28,248
1,0,0,0,0,2,1,2,1,0,0,1,1,1,0,0,0,1,2,0,0.560498,28,249
0,0,0,1,0,2,1,2,1,0,1,1,0,1,0,1,0,1,0,1,-0.591505,28,250
0,0,1,0,0,2,0,2,2,0,0,1,0,2,0,1,1,1,0,0,0.004954,28,251
0,0,0,1,0,2,1,2,1,0,2,1,0,0,0,0,1,0,1,1,-0.561578,28,252
0,0,0,0,1,1,2,1,1,1,0,0,1,1,1,1,0,0,2,0,-0.988705,29,253
0,0,1,0,0,2,1,0,1,2,1,0,0,1,1,0,0,1,1,1,0.057718,29,254
0,1,0,0,0,1,1,1,0,3,0,0,2,0,1,1,1,0,0,1,0.490808,29,255
1,0,0,0,0,1,1,1,0,3,1,0,0,1,1,1,0,0,1,1,0.489343,29,256
0,0,0,0,1,1,2,1,1,1,1,1,1,0,0,1,1,0,0,1,-0.840834,29,257
0,0,0,0,1,2,1,0,1,2,0,1,1,0,1,1,1,0,0,1,-0.979603,29,258
0,1,0,0,0,2,1,0,1,2,0,1,1,1,0,1,1,0,1,0,0.501317,29,259
0,0,0,1,0,1,1,1,0,3,0,2,0,1,0,0,1,1,1,0,-0.478853,29,260
1,0,0,0,0,1,2,1,1,1,0,1,0,1,1,0,1,1,0,1,0.450336,29,261
0,0,1,0,0,2,1,1,1,1,0,1,1,1,0,0,0,2,1,0,0.121216,30,262
0,0,0,1,0,2,1,2,0,1,1,0,2,0,0,1,0,1,0,1,-0.318923,30,263
1,0,0,0,0,0,2,3,1,0,0,1,1,0,1,1,0,0,1,1,0.425379,30,264
0,0,0,0,1,0,2,3,1,0,1,0,1,1,0,0,1,1,0,1,-0.773473,30,265
0,1,0,0,0,2,1,1,1,1,2,0,0,0,1,0,0,0,1,2,0.426402,30,266
0,1,0,0,0,2,1,2,0,1,1,0,0,1,1,0,1,0,2,0,0.432909,30,267
0,0,1,0,0,2,1,2,0,1,1,1,1,0,0,1,0,1,0,1,0.150548,30,268
1,0,0,0,0,0,2,3,1,0,2,0,1,0,0,1,0,1,1,0,0.505420,30,269
0,0,1,0,0,2,1,1,1,1,1,0,2,0,0,2,1,0,0,0,0.137231,30,270
0,0,1,0,0,0,1,2,1,2,1,1,1,0,0,0,0,2,0,1,0.134685,31,271
0,0,1,0,0,1,0,2,0,3,1,0,1,1,0,0,2,1,0,0,0.196487,31,272
0,0,0,0,1,1,1,2,1,1,0,1,2,0,0,0,1,1,0,1,-0.732353,31,273
0,0,0,0,1,1,1,2,1,1,1,0,1,1,0,0,1,2,0,0,-0.656234,31,274
0,0,0,0,1,0,1,2,1,2,0,1,1,1,0,0,2,0,1,0,-0.797145,31,275
0,1,0,0,0,1,0,2,0,3,1,0,2,0,0,0,0,2,1,0,0.642525,31,276
0,0,0,1,0,1,0,2,0,3,1,2,0,0,0,0,1,0,0,2,-0.395285,31,277
0,0,1,0,0,1,1,2,1,1,2,1,0,0,0,0,1,0,1,1,0.081073,31,278
1,0,0,0,0,0,1,2,1,2,2,0,1,0,0,0,1,1,0,1,0.527626,31,279
0,0,0,0,1,0,2,1,1,2,0,2,1,0,0,0,0,1,1,1,-0.804992,32,280
0,0,0,0,1,0,2,3,0,1,2,1,0,0,0,0,2,0,1,0,-0.871319,32,281
0,1,0,0,0,0,0,2,1,3,1,0,1,0,1,1,1,1,0,0,0.530991,32,282
0,1,0,0,0,0,0,2,1,3,1,2,0,0,0,0,1,0,2,0,0.504979,32,283
0,0,1,0,0,0,2,1,1,2,1,0,0,1,1,0,2,0,1,0,0.133701,32,284
0,0,0,0,1,0,2,3,0,1,0,1,1,0,1,0,2,1,0,0,-0.892148,32,285
0,0,0,1,0,0,2,3,0,1,0,1,1,1,0,1,0,0,1,1,-0.391812,32,286
0,0,1,0,0,0,0,2,1,3,0,1,1,1,0,0,2,0,0,1,0.190254,32,287
0,0,1,0,0,0,2,1,1,2,1,1,1,0,0,1,2,0,0,0,0.281583,32,288
0,0,1,0,0,3,0,0,2,1,0,2,0,1,0,0,0,1,2,0,0.027064,33,289
1,0,0,0,0,2,0,1,1,2,1,1,1,0,0,0,0,1,1,1,0.483903,33,290
0,0,0,0,1,3,0,1,1,1,0,0,2,1,0,0,0,2,1,0,-0.829228,33,291
1,0,0,0,0,3,0,1,1,1,1,1,1,0,0,0,0,2,1,0,0.487849,33,292
1,0,0,0,0,3,0,0,2,1,2,0,1,0,0,0,0,2,0,1,0.505377,33,293
0,0,0,1,0,2,0,1,1,2,0,1,1,0,1,0,0,1,1,1,-0.426099,33,294
1,0,0,0,0,2,0,1,1,2,1,0,1,1,0,0,0,3,0,0,0.545164,33,295
0,0,0,1,0,3,0,1,1,1,1,1,0,0,1,0,0,1,0,2,-0.506753,33,296
0,0,0,0,1,3,0,0,2,1,0,0,2,0,1,0,0,2,0,1,-0.860619,33,297
0,0,0,0,1,2,1,1,1,1,0,0,0,2,1,1,0,1,1,0,-1.073596,34,298
0,0,0,1,0,2,1,1,1,1,0,1,0,1,1,1,1,0,1,0,-0.603874,34,299
0,0,1,0,0,2,0,0,2,2,0,2,0,0,1,0,2,0,1,0,-0.052725,34,300
0,1,0,0,0,2,0,0,2,2,0,0,1,1,1,2,1,0,0,0,0.476521,34,301
0,0,0,1,0,2,1,1,1,1,0,1,0,0,2,1,2,0,0,0,-0.631547,34,302
0,0,0,0,1,2,1,1,1,1,0,1,1,1,0,0,2,0,1,0,-1.045730,34,303
1,0,0,0,0,2,1,1,1,1,0,0,1,0,2,1,1,1,0,0,0.442583,34,304
1,0,0,0,0,2,0,0,2,2,0,0,1,1,1,0,1,1,1,0,0.518997,34,305
1,0,0,0,0,2,1,1,1,1,0,1,2,0,0,0,2,0,1,0,0.474226,34,306
0,0,0,1,0,2,0,1,3,0,1,0,1,0,1,1,1,1,0,0,-0.492178,35,307
1,0,0,0,0,1,0,2,2,1,2,1,0,0,0,0,2,0,0,1,0.480715,35,308
1,0,0,0,0,1,0,1,3,1,0,1,2,0,0,0,1,1,0,1,0.467048,35,309
0,0,1,0,0,1,0,1,3,1,1,1,0,0,1,0,3,0,0,0,0.083738,35,310
0,0,0,0,1,2,0,1,3,0,2,0,1,0,0,0,1,1,0,1,-0.787634,35,311
0,0,0,1,0,1,0,2,2,1,1,0,1,0,1,0,1,2,0,0,-0.445170,35,312
0,0,0,1,0,1,0,2,2,1,1,1,1,0,0,1,2,0,0,0,-0.442378,35,313
0,0,0,1,0,1,0,1,3,1,3,0,0,0,0,1,1,1,0,0,-0.391306,35,314
0,0,1,0,0,2,0,1,3,0,1,2,0,0,0,0,3,0,0,0,0.029830,35,315
0,0,1,0,0,1,1,1,2,1,0,0,0,1,2,1,1,1,0,0,0.069463,36,316
0,0,0,0,1,1,1,2,2,0,1,0,0,1,1,0,1,1,1,0,-0.983401,36,317
0,0,0,1,0,0,2,3,0,1,1,0,0,1,1,0,1,1,1,0,-0.461138,36,318
0,0,0,1,0,0,2,3,0,1,1,0,1,1,0,0,2,0,1,0,-0.404821,36,319
0,0,1,0,0,1,1,1,2,1,3,0,0,0,0,0,1,0,1,1,0.107434,36,320
0,1,0,0,0,1,1,2,2,0,1,0,1,1,0,0,0,1,1,1,0.459541,36,321
0,0,1,0,0,1,1,2,2,0,1,0,1,0,1,1,2,0,0,0,0.018643,36,322
1,0,0,0,0,0,2,3,0,1,1,0,1,0,1,1,0,1,0,1,0.456151,36,323
0,1,0,0,0,1,1,1,2,1,0,0,2,1,0,0,1,1,1,0,0.530078,36,324
0,0,0,0,1,1,0,1,0,4,1,1,1,0,0,0,1,1,1,0,-0.727158,37,325
0,0,0,0,1,1,1,1,1,2,1,0,1,0,1,0,1,0,2,0,-0.824860,37,326
1,0,0,0,0,0,1,0,1,4,3,0,0,0,0,0,1,1,1,0,0.521412,37,327
0,0,1,0,0,0,1,0,1,4,0,1,1,0,1,1,1,0,1,0,0.170459,37,328
0,1,0,0,0,1,0,1,0,4,1,0,0,1,1,0,1,0,2,0,0.465967,37,329
0,0,0,0,1,1,1,1,1,2,1,1,0,1,0,1,0,1,1,0,-0.865612,37,330
0,0,0,0,1,1,1,1,1,2,1,0,1,1,0,0,3,0,0,0,-0.843470,37,331
0,0,0,0,1,0,1,0,1,4,0,0,1,2,0,0,2,0,1,0,-0.768592,37,332
0,0,0,1,0,1,0,1,0,4,1,0,1,1,0,1,2,0,0,0,-0.341915,37,333
1,0,0,0,0,1,1,0,3,1,0,0,0,1,2,0,1,1,0,1,0.459923,38,334
0,1,0,0,0,2,1,0,2,1,1,1,0,0,1,0,0,1,2,0,0.439836,38,335
0,0,0,1,0,3,2,0,1,0,0,2,0,1,0,0,1,0,1,1,-0.545350,38,336
0,0,0,1,0,3,2,0,1,0,2,0,0,0,1,0,0,1,1,1,-0.462476,38,337
0,1,0,0,0,1,1,0,3,1,2,1,0,0,0,1,0,0,1,1,0.558298,38,338
0,0,0,1,0,2,1,0,2,1,0,1,0,0,2,1,0,0,1,1,-0.553231,38,339
1,0,0,0,0,2,1,0,2,1,2,0,0,1,0,0,2,0,0,1,0.525760,38,340
0,0,0,0,1,3,2,0,1,0,1,0,0,0,2,1,1,0,1,0,-1.078585,38,341
1,0,0,0,0,1,1,0,3,1,1,1,0,0,1,0,1,0,2,0,0.476799,38,342
1,0,0,0,0,1,1,0,1,3,1,1,0,1,0,1,0,0,1,1,0.482221,39,343
0,0,0,1,0,2,2,0,1,1,1,0,0,1,1,0,1,1,0,1,-0.535419,39,344
0,1,0,0,0,1,1,0,2,2,0,0,0,1,2,0,1,0,2,0,0.403950,39,345
0,0,0,0,1,1,1,0,2,2,0,2,0,1,0,0,1,0,0,2,-0.976523,39,346
0,0,0,1,0,1,1,0,1,3,0,0,0,2,1,1,2,0,0,0,-0.549368,39,347
0,0,0,0,1,2,2,0,1,1,1,1,0,0,1,1,0,0,1,1,-1.007859,39,348
0,0,0,0,1,2,2,0,1,1,0,1,0,2,0,1,1,0,1,0,-0.968864,39,349
1,0,0,0,0,1,1,0,2,2,2,0,0,1,0,2,0,1,0,0,0.515211,39,350
0,1,0,0,0,1,1,0,1,3,1,1,0,0,1,0,0,1,1,1,0.525986,39,351
0,0,0,0,1,0,1,2,2,1,0,0,1,0,2,1,1,0,1,0,-1.018094,40,352
0,0,0,0,1,0,0,2,2,2,1,0,0,0,2,2,0,0,1,0,-1.029102,40,353
0,0,1,0,0,0,1,0,2,3,1,1,0,0,1,2,1,0,0,0,0.197299,40,354
0,0,0,1,0,0,1,0,2,3,0,0,2,0,1,0,2,0,1,0,-0.377098,40,355
0,0,0,1,0,0,1,2,2,1,0,2,0,0,1,1,2,0,0,0,-0.561259,40,356
0,0,0,1,0,0,0,2,2,2,0,1,1,0,1,0,3,0,0,0,-0.536632,40,357
0,1,0,0,0,0,0,2,2,2,0,1,1,0,1,2,1,0,0,0,0.437020,40,358
0,0,1,0,0,0,1,0,2,3,0,1,0,0,2,2,1,0,0,0,0.151578,40,359
0,0,0,0,1,0,1,2,2,1,1,0,1,0,1,2,1,0,0,0,-0.974713,40,360
0,0,0,1,0,0,2,2,2,0,0,2,1,0,0,0,0,1,2,0,-0.505107,41,361
0,1,0,0,0,1,0,2,3,0,1,1,0,0,1,0,0,2,1,0,0.388068,41,362
0,0,1,0,0,1,2,0,3,0,1,1,1,0,0,0,1,0,2,0,0.081098,41,363
0,0,1,0,0,1,2,0,3,0,0,1,0,0,2,1,0,1,0,1,0.064144,41,364
1,0,0,0,0,0,2,2,2,0,0,1,0,0,2,1,0,0,1,1,0.426656,41,365
0,1,0,0,0,1,0,2,3,0,0,3,0,0,0,2,0,0,1,0,0.474273,41,366
0,0,0,1,0,1,0,2,3,0,0,0,1,0,2,0,1,0,1,1,-0.533883,41,367
0,0,0,1,0,1,2,0,3,0,0,2,0,0,1,1,0,1,1,0,-0.575392,41,368
0,0,0,1,0,0,2,2,2,0,1,1,0,0,1,1,1,1,0,0,-0.525924,41,369
0,0,1,0,0,1,2,0,1,2,1,1,0,0,1,1,1,1,0,0,0.104375,42,370
0,1,0,0,0,2,0,1,1,2,0,1,0,0,2,1,0,0,2,0,0.426822,42,371
1,0,0,0,0,1,2,1,2,0,1,0,0,0,2,0,1,1,1,0,0.451338,42,372
0,0,0,0,1,1,2,1,2,0,1,0,0,1,1,2,0,0,1,0,-1.118160,42,373
0,0,0,1,0,1,2,0,1,2,1,0,0,1,1,2,0,0,1,0,-0.508541,42,374
0,0,0,1,0,2,0,1,1,2,2,1,0,0,0,1,0,1,1,0,-0.507634,42,375
0,1,0,0,0,2,0,1,1,2,0,0,0,2,1,1,2,0,0,0,0.375375,42,376
0,0,0,0,1,1,2,1,2,0,0,2,0,1,0,1,1,0,1,0,-1.058979,42,377
1,0,0,0,0,1,2,0,1,2,0,1,0,1,1,0,1,0,2,0,0.509664,42,378
0,0,0,1,0,0,1,1,3,1,1,0,0,2,0,1,0,0,2,0,-0.437266,43,379
0,0,1,0,0,0,0,0,4,2,2,0,0,1,0,0,0,0,1,2,0.180502,43,380
0,0,0,1,0,0,1,1,3,1,1,1,0,1,0,1,0,0,1,1,-0.423227,43,381
0,0,0,0,1,0,1,1,3,1,3,0,0,0,0,0,1,0,2,0,-0.749698,43,382
0,0,0,0,1,0,1,1,3,1,1,1,0,1,0,1,1,0,0,1,-0.856539,43,383
0,0,0,1,0,0,0,0,4,2,1,2,0,0,0,2,0,0,1,0,-0.424628,43,384
0,1,0,0,0,0,0,0,4,2,1,0,0,2,0,0,1,0,2,0,0.549617,43,385
0,0,0,1,0,0,1,1,3,1,0,1,0,2,0,1,0,0,1,1,-0.500403,43,386
0,0,0,1,0,0,1,1,3,1,2,1,0,0,0,0,0,0,2,1,-0.433687,43,387
1,0,0,0,0,0,0,2,3,1,0,0,1,1,1,1,1,0,0,1,0.451721,44,388
0,0,0,0,1,2,0,2,1,1,0,0,0,1,2,0,1,1,0,1,-1.070334,44,389
0,0,1,0,0,2,0,0,2,2,0,1,0,1,1,0,2,0,1,0,0.062685,44,390
0,0,1,0,0,2,0,0,2,2,0,0,2,1,0,1,0,0,1,1,0.109939,44,391
0,0,0,0,1,0,0,2,3,1,0,2,0,1,0,0,1,0,1,1,-1.051709,44,392
0,0,0,1,0,2,0,2,1,1,1,1,1,0,0,1,1,0,0,1,-0.511646,44,393
0,0,0,1,0,2,0,2,1,1,0,1,1,1,0,1,0,0,2,0,-0.495638,44,394
0,0,0,1,0,2,0,0,2,2,1,1,0,0,1,1,0,1,0,1,-0.542281,44,395
1,0,0,0,0,0,0,2,3,1,1,0,1,0,1,1,0,1,1,0,0.463742,44,396
0,0,0,0,1,2,1,0,1,2,0,3,0,0,0,0,1,2,0,0,-0.964377,45,397
0,1,0,0,0,3,0,0,1,2,1,2,0,0,0,1,1,0,1,0,0.527244,45,398
0,0,0,1,0,3,1,0,0,2,0,2,0,0,1,1,0,1,1,0,-0.519787,45,399
1,0,0,0,0,3,1,0,0,2,1,1,0,0,1,1,2,0,0,0,0.488584,45,400
1,0,0,0,0,2,1,0,1,2,1,0,0,0,2,2,0,0,1,0,0.476939,45,401
1,0,0,0,0,3,0,0,1,2,0,1,0,1,1,1,1,1,0,0,0.484705,45,402
0,0,0,0,1,3,0,0,1,2,0,1,0,0,2,2,0,1,0,0,-1.050900,45,403
0,0,0,0,1,3,1,0,0,2,0,1,0,1,1,2,0,1,0,0,-1.050124,45,404
1,0,0,0,0,2,1,0,1,2,0,1,0,1,1,2,1,0,0,0,0.493683,45,405
0,0,0,1,0,1,2,2,1,0,0,1,0,0,2,1,2,0,0,0,-0.621126,46,406
0,1,0,0,0,1,1,1,2,1,0,1,0,1,1,1,1,0,1,0,0.462866,46,407
0,0,1,0,0,2,1,1,1,1,0,1,0,0,2,0,1,1,1,0,0.037798,46,408
0,1,0,0,0,2,1,1,1,1,0,2,0,1,0,1,1,0,0,1,0.422044,46,409
0,0,0,0,1,1,2,2,1,0,0,1,0,1,1,1,1,0,1,0,-1.027322,46,410
1,0,0,0,0,1,1,1,2,1,0,1,0,1,1,0,2,0,0,1,0.484084,46,411
0,0,1,0,0,1,1,1,2,1,0,2,0,0,1,2,0,1,0,0,0.068075,46,412
0,0,0,1,0,2,1,1,1,1,0,1,0,1,1,2,1,0,0,0,-0.574203,46,413
1,0,0,0,0,1,2,2,1,0,0,2,0,1,0,1,0,1,0,1,0.463122,46,414
0,1,0,0,0,1,1,2,1,1,2,0,1,0,0,0,1,0,0,2,0.448988,47,415
0,0,0,0,1,2,2,1,1,0,0,0,1,1,1,1,0,0,1,1,-0.956281,47,416
1,0,0,0,0,1,3,1,0,1,1,0,0,2,0,2,1,0,0,0,0.455551,47,417
0,0,1,0,0,1,3,1,0,1,2,0,0,0,1,0,0,1,0,2,0.108415,47,418
1,0,0,0,0,1,1,2,1,1,0,0,1,1,1,1,0,2,0,0,0.484019,47,419
0,0,1,0,0,2,2,1,1,0,1,0,1,1,0,0,1,1,0,1,0.117365,47,420
0,1,0,0,0,2,2,1,1,0,2,0,1,0,0,1,0,1,0,1,0.521077,47,421
0,0,0,1,0,1,3,1,0,1,0,0,3,0,0,0,0,1,1,1,-0.198538,47,422
0,1,0,0,0,1,1,2,1,1,1,0,1,1,0,1,0,0,1,1,0.486133,47,423
0,0,1,0,0,0,1,2,1,2,1,1,0,0,1,1,0,0,1,1,0.160339,48,424
0,1,0,0,0,0,1,2,1,2,3,0,0,0,0,1,0,1,0,1,0.552066,48,425
0,0,0,0,1,0,2,2,0,2,1,1,0,0,1,0,0,1,2,0,-0.879988,48,426
0,0,0,1,0,0,2,2,0,2,1,2,0,0,0,0,1,0,1,1,-0.352707,48,427
0,1,0,0,0,0,1,2,1,2,1,1,1,0,0,0,0,1,1,1,0.585540,48,428
0,0,0,0,1,0,1,2,1,2,1,2,0,0,0,0,1,0,1,1,-0.822045,48,429
0,0,1,0,0,0,1,2,1,2,0,1,1,0,1,1,0,0,2,0,0.135551,48,430
0,0,1,0,0,0,2,2,0,2,2,0,1,0,0,2,0,0,0,1,0.198260,48,431
0,0,0,0,1,0,1,2,1,2,2,1,0,0,0,1,1,0,1,0,-0.772220,48,432
0,0,0,0,1,2,0,2,1,1,0,0,0,0,3,0,0,0,1,2,-1.147973,49,433
1,0,0,0,0,0,1,1,2,2,0,1,1,0,1,0,1,1,1,0,0.511488,49,434
0,0,1,0,0,2,1,1,1,1,1,0,1,0,1,0,1,0,0,2,0.025915,49,435
0,0,0,1,0,2,1,1,1,1,1,1,0,0,1,0,0,0,2,1,-0.598901,49,436
0,0,0,1,0,2,0,2,1,1,1,1,1,0,0,0,2,0,0,1,-0.532433,49,437
0,0,1,0,0,0,1,1,2,2,1,0,0,1,1,0,1,0,1,1,0.071870,49,438
1,0,0,0,0,0,1,1,2,2,1,0,1,0,1,0,0,0,0,3,0.471381,49,439
0,0,0,0,1,2,1,1,1,1,0,0,1,1,1,0,1,1,0,1,-1.006122,49,440
0,1,0,0,0,2,0,2,1,1,1,0,1,1,0,0,0,1,1,1,0.430562,49,441
0,0,0,1,0,2,1,2,1,0,0,1,0,1,1,2,0,1,0,0,-0.566851,50,442
0,0,1,0,0,1,1,1,3,0,1,1,0,1,0,0,1,2,0,0,0.057982,50,443
0,0,0,1,0,1,2,1,2,0,1,2,0,0,0,1,1,0,1,0,-0.481568,50,444
0,0,1,0,0,1,2,1,2,0,0,2,0,0,1,0,1,1,0,1,0.020300,50,445
0,0,0,1,0,2,1,2,1,0,0,2,0,1,0,0,2,0,0,1,-0.534994,50,446
0,1,0,0,0,1,1,1,3,0,0,1,0,1,1,1,2,0,0,0,0.426270,50,447
1,0,0,0,0,1,1,1,3,0,0,2,0,1,0,1,0,0,1,1,0.512345,50,448
1,0,0,0,0,1,2,1,2,0,0,0,0,3,0,1,1,1,0,0,0.532821,50,449
0,1,0,0,0,2,1,2,1,0,1,1,0,1,0,0,1,1,1,0,0.509109,50,450
1,0,0,0,0,2,0,2,1,1,1,1,1,0,0,1,0,0,2,0,0.548541,51,451
0,0,1,0,0,1,0,2,2,1,1,0,1,0,1,1,0,1,0,1,0.069664,51,452
0,0,0,1,0,3,0,2,1,0,0,1,0,0,2,0,0,1,1,1,-0.654487,51,453
0,0,1,0,0,3,0,2,1,0,2,0,0,0,1,1,1,1,0,0,0.039096,51,454
0,0,0,1,0,2,0,2,1,1,1,0,0,0,2,0,0,2,0,1,-0.623450,51,455
1,0,0,0,0,1,0,2,2,1,1,0,0,1,1,0,1,0,1,1,0.448695,51,456
1,0,0,0,0,1,0,2,2,1,0,1,0,0,2,0,0,1,1,1,0.467218,51,457
0,0,0,0,1,3,0,2,1,0,0,0,1,1,1,0,0,0,1,2,-1.135513,51,458
0,0,1,0,0,2,0,2,1,1,0,0,0,1,2,0,1,0,0,2,0.013998,51,459
1,0,0,0,0,1,1,1,0,3,2,0,0,0,1,1,1,0,1,0,0.503221,52,460
0,1,0,0,0,3,0,1,0,2,1,2,0,0,0,1,0,1,1,0,0.556223,52,461
0,0,0,0,1,4,1,0,0,1,0,1,1,0,1,0,1,1,1,0,-0.880865,52,462
0,0,1,0,0,4,1,0,0,1,2,1,0,0,0,1,1,0,1,0,0.047885,52,463
1,0,0,0,0,1,1,1,0,3,0,1,2,0,0,0,1,2,0,0,0.579316,52,464
1,0,0,0,0,3,0,1,0,2,2,0,1,0,0,0,0,1,2,0,0.474102,52,465
0,0,0,0,1,3,0,1,0,2,1,0,1,0,1,0,3,0,0,0,-0.858071,52,466
0,0,0,0,1,4,1,0,0,1,2,0,1,0,0,0,1,1,1,0,-0.706477,52,467
1,0,0,0,0,1,1,1,0,3,2,1,0,0,0,0,1,0,2,0,0.504060,52,468
0,0,0,1,0,2,0,3,0,1,1,0,1,0,1,0,1,0,0,2,-0.550676,53,469
0,0,1,0,0,1,1,1,1,2,1,0,0,2,0,2,0,0,0,1,0.113511,53,470
0,0,0,0,1,1,1,2,1,1,0,0,1,1,1,2,0,0,0,1,-0.872043,53,471
1,0,0,0,0,1,1,2,1,1,0,1,1,1,0,0,0,0,2,1,0.460494,53,472
0,0,0,0,1,2,0,3,0,1,0,0,1,1,1,2,0,0,1,0,-1.046650,53,473
0,0,1,0,0,1,1,1,1,2,0,0,2,1,0,1,0,0,1,1,0.131478,53,474
1,0,0,0,0,1,1,1,1,2,0,1,0,0,2,1,1,0,1,0,0.454621,53,475
0,0,1,0,0,1,1,2,1,1,1,0,0,1,1,2,1,0,0,0,0.057232,53,476
0,1,0,0,0,2,0,3,0,1,0,1,0,2,0,2,0,0,1,0,0.394882,53,477
0,0,0,1,0,3,1,2,0,0,0,2,0,1,0,1,0,1,1,0,-0.596478,54,478
0,0,1,0,0,2,0,2,1,1,0,1,0,1,1,1,0,1,1,0,-0.063534,54,479
0,0,1,0,0,1,1,2,1,1,0,0,0,3,0,2,0,1,0,0,0.042033,54,480
1,0,0,0,0,1,1,2,1,1,0,1,0,1,1,1,0,0,2,0,0.488916,54,481
0,0,0,0,1,3,1,2,0,0,0,0,1,1,1,1,1,0,1,0,-1.102347,54,482
0,1,0,0,0,2,0,2,1,1,0,1,0,1,1,2,1,0,0,0,0.465991,54,483
1,0,0,0,0,2,0,2,1,1,0,0,1,2,0,0,0,2,1,0,0.558882,54,484
1,0,0,0,0,1,1,2,1,1,0,1,1,0,1,0,1,2,0,0,0.485080,54,485
0,0,1,0,0,3,1,2,0,0,0,0,0,2,1,1,0,2,0,0,0.011883,54,486
0,0,0,0,1,0,1,1,3,1,1,0,2,0,0,1,0,2,0,0,-0.679898,55,487
0,0,0,1,0,0,0,1,2,3,0,0,2,0,1,1,1,0,0,1,-0.337948,55,488
0,0,0,1,0,0,1,2,1,2,1,0,0,0,2,1,1,1,0,0,-0.375283,55,489
0,0,0,0,1,0,1,2,1,2,0,0,2,1,0,1,0,1,0,1,-0.751211,55,490
0,0,1,0,0,0,1,1,3,1,0,1,1,0,1,0,2,0,0,1,0.035685,55,491
0,1,0,0,0,0,0,1,2,3,1,0,1,0,1,0,1,2,0,0,0.504816,55,492
0,0,1,0,0,0,0,1,2,3,1,1,0,1,0,1,0,1,0,1,0.133902,55,493
0,0,0,1,0,0,1,2,1,2,1,1,1,0,0,0,1,1,0,1,-0.421084,55,494
0,0,0,0,1,0,1,1,3,1,1,0,0,1,1,1,0,1,0,1,-0.851868,55,495
0,0,1,0,0,1,2,2,0,1,1,0,1,0,1,2,1,0,0,0,0.100728,56,496
1,0,0,0,0,0,1,2,0,3,1,1,1,0,0,0,1,0,1,1,0.496671,56,497
0,0,0,0,1,1,1,2,0,2,0,0,1,1,1,1,0,1,1,0,-0.893199,56,498
0,0,1,0,0,1,1,2,0,2,0,2,1,0,0,0,2,0,1,0,0.167457,56,499
0,0,0,0,1,1,2,2,0,1,0,1,0,2,0,0,0,0,2,1,-0.910268,56,500
0,1,0,0,0,0,1,2,0,3,0,1,1,1,0,1,1,0,0,1,0.552515,56,501
0,0,1,0,0,0,1,2,0,3,0,1,0,1,1,1,0,1,1,0,0.189434,56,502
0,1,0,0,0,1,1,2,0,2,1,1,0,1,0,1,0,0,0,2,0.467710,56,503
0,0,0,0,1,1,2,2,0,1,0,2,1,0,0,0,1,1,0,1,-0.820097,56,504