feature0,feature1,feature2,feature3,feature4,feature5,feature6,feature7,feature8,feature9,feature10,feature11,feature12,feature13,feature14,feature15,feature16,feature17,feature18,feature19,G_ads (eV),slab db row,COOH_C_adsorbed_out.dbrow
0,0,0,1,0,1,0,3,1,1,0,0,0,0,3,1,0,0,2,0,0.419766,1,1
0,0,1,0,0,0,0,3,1,2,0,1,1,0,1,0,0,1,2,0,1.060753,1,2
0,0,0,0,1,1,0,2,2,1,0,0,2,0,1,2,0,0,1,0,0.037176,1,3
0,0,1,0,0,1,0,2,2,1,0,1,0,1,1,0,0,0,2,1,1.020227,1,4
0,0,0,0,1,1,0,3,1,1,0,2,1,0,0,0,1,0,2,0,-0.083704,1,5
1,0,0,0,0,0,0,3,1,2,1,0,1,0,1,1,1,0,0,1,1.238531,1,6
0,0,0,1,0,0,0,3,1,2,0,1,0,1,1,1,0,0,2,0,0.404551,1,7
0,0,1,0,0,1,0,2,2,1,1,1,0,0,1,0,1,1,1,0,0.879764,1,8
0,0,1,0,0,1,0,3,1,1,1,0,1,1,0,1,0,1,0,1,0.957080,1,9
0,0,1,0,0,3,0,1,1,1,0,0,2,1,0,2,0,1,0,0,1.021735,2,10
0,0,0,0,1,2,1,1,1,1,1,0,2,0,0,3,0,0,0,0,0.247489,2,11
0,0,0,1,0,1,1,2,0,2,1,0,2,0,0,1,0,1,1,0,0.663297,2,12
1,0,0,0,0,1,1,2,0,2,0,1,1,1,0,3,0,0,0,0,1.287199,2,13
0,0,0,0,1,3,0,1,1,1,0,0,2,0,1,3,0,0,0,0,0.080385,2,14
1,0,0,0,0,2,1,1,1,1,0,0,2,1,0,2,0,1,0,0,1.307235,2,15
0,0,1,0,0,2,1,1,1,1,0,1,1,0,1,2,0,0,1,0,0.883064,2,16
1,0,0,0,0,1,1,2,0,2,0,0,2,0,1,3,0,0,0,0,1.282173,2,17
0,1,0,0,0,3,0,1,1,1,1,1,1,0,0,2,0,0,1,0,0.917163,2,18
1,0,0,0,0,0,2,1,2,1,0,1,0,1,1,0,0,1,2,0,1.271901,3,19
0,0,0,1,0,2,1,1,1,1,1,0,0,1,1,0,0,1,1,1,0.584928,3,20
0,1,0,0,0,2,1,0,3,0,0,2,0,1,0,1,0,1,0,1,0.865443,3,21
0,0,1,0,0,2,1,0,3,0,2,0,0,1,0,0,0,1,1,1,0.993392,3,22
0,0,0,1,0,0,2,1,2,1,1,1,1,0,0,0,0,0,0,3,0.568082,3,23
0,0,0,1,0,2,1,1,1,1,0,2,0,1,0,0,0,2,0,1,0.415180,3,24
0,1,0,0,0,2,1,1,1,1,1,1,1,0,0,1,0,0,1,1,0.963281,3,25
0,0,0,0,1,2,1,0,3,0,0,1,1,0,1,0,0,1,1,1,0.056325,3,26
1,0,0,0,0,0,2,1,2,1,1,1,0,1,0,1,0,2,0,0,1.437096,3,27
0,0,0,1,0,0,2,0,3,1,0,0,3,0,0,0,1,1,0,1,0.735888,4,28
0,1,0,0,0,0,2,0,4,0,1,1,1,0,0,1,0,1,0,1,0.984264,4,29
0,1,0,0,0,0,2,0,3,1,1,0,1,1,0,1,1,0,1,0,0.960234,4,30
0,0,0,1,0,0,2,0,3,1,0,2,1,0,0,1,0,1,1,0,0.492109,4,31
0,0,0,1,0,0,2,0,3,1,0,1,0,2,0,2,0,0,1,0,0.434248,4,32
0,0,0,0,1,0,2,0,4,0,0,0,1,1,1,2,1,0,0,0,0.004311,4,33
0,0,0,1,0,0,2,0,4,0,0,1,1,1,0,0,0,0,2,1,0.439446,4,34
0,0,0,1,0,0,2,0,3,1,0,0,1,1,1,1,0,0,0,2,0.542571,4,35
0,1,0,0,0,0,2,0,3,1,1,1,0,0,1,1,0,0,1,1,0.929504,4,36
0,0,0,1,0,3,0,0,2,1,1,0,0,1,1,1,1,0,0,1,0.361565,5,37
1,0,0,0,0,1,1,0,3,1,0,0,1,2,0,0,1,1,1,0,1.341993,5,38
0,0,0,1,0,2,1,0,3,0,1,0,1,0,1,1,0,1,1,0,0.341527,5,39
1,0,0,0,0,2,1,0,3,0,0,0,0,2,1,0,1,0,0,2,1.262812,5,40
0,0,0,1,0,3,0,0,2,1,0,1,0,1,1,1,0,1,0,1,0.348516,5,41
1,0,0,0,0,1,1,0,3,1,0,0,0,1,2,2,0,0,0,1,1.206067,5,42
0,0,0,1,0,1,1,0,3,1,1,1,0,1,0,0,0,0,1,2,0.410522,5,43
0,0,0,0,1,2,1,0,3,0,0,1,0,2,0,1,0,0,1,1,-0.076866,5,44
0,1,0,0,0,3,0,0,2,1,0,0,1,2,0,0,0,0,2,1,0.927339,5,45
0,1,0,0,0,2,1,1,2,0,0,1,0,0,2,1,0,1,0,1,0.879233,6,46
0,1,0,0,0,3,1,1,1,0,1,0,0,0,2,0,0,2,0,1,0.833885,6,47
0,0,1,0,0,3,2,0,1,0,1,0,1,0,1,1,0,0,0,2,0.938710,6,48
0,0,0,1,0,3,2,0,1,0,0,1,1,0,1,1,1,1,0,0,0.456336,6,49
1,0,0,0,0,2,1,1,2,0,0,0,1,1,1,0,2,0,0,1,1.100487,6,50
1,0,0,0,0,3,1,1,1,0,0,2,1,0,0,1,1,0,0,1,1.138032,6,51
0,0,0,1,0,3,1,1,1,0,0,0,1,1,1,2,1,0,0,0,0.398778,6,52
1,0,0,0,0,3,2,0,1,0,0,1,0,1,1,1,1,1,0,0,1.201929,6,53
1,0,0,0,0,2,1,1,2,0,1,1,1,0,0,2,0,1,0,0,1.181553,6,54
0,0,1,0,0,0,1,3,0,2,0,0,2,0,1,0,1,1,0,1,1.028803,7,55
0,0,0,0,1,0,1,4,1,0,0,0,2,1,0,0,1,1,1,0,0.087803,7,56
0,0,1,0,0,0,0,3,1,2,0,0,1,2,0,0,1,0,0,2,0.998919,7,57
0,0,1,0,0,0,0,3,1,2,0,1,1,0,1,0,0,3,0,0,1.001152,7,58
0,0,1,0,0,0,1,3,0,2,0,0,1,1,1,0,1,1,1,0,0.977819,7,59
0,0,1,0,0,0,1,4,1,0,0,0,1,1,1,0,0,1,1,1,0.948763,7,60
0,0,0,0,1,0,1,4,1,0,0,1,1,0,1,0,1,1,0,1,0.068903,7,61
0,1,0,0,0,0,0,3,1,2,0,0,2,0,1,0,1,0,2,0,0.861276,7,62
0,0,0,1,0,0,1,3,0,2,0,1,1,1,0,0,0,1,1,1,0.503227,7,63
0,1,0,0,0,1,0,1,3,1,2,0,1,0,0,3,0,0,0,0,1.109744,8,64
0,0,0,0,1,1,2,1,2,0,2,1,0,0,0,1,1,0,0,1,0.093812,8,65
0,0,1,0,0,0,2,0,3,1,2,0,1,0,0,1,1,0,0,1,1.185004,8,66
0,0,0,1,0,0,2,0,3,1,1,1,1,0,0,1,0,1,1,0,0.577269,8,67
0,0,0,1,0,1,0,1,3,1,2,1,0,0,0,0,0,0,2,1,0.492950,8,68
0,0,0,1,0,1,2,1,2,0,2,0,0,0,1,1,0,1,1,0,0.563536,8,69
0,0,0,1,0,1,2,1,2,0,1,0,2,0,0,1,1,0,1,0,0.712255,8,70
1,0,0,0,0,0,2,0,3,1,2,0,0,0,1,1,1,0,1,0,1.432300,8,71
0,1,0,0,0,1,0,1,3,1,1,0,1,0,1,0,2,1,0,0,0.872868,8,72
0,0,0,1,0,1,0,2,2,1,0,1,1,1,0,0,0,1,0,2,0.346503,9,73
0,0,1,0,0,1,0,1,4,0,0,2,0,1,0,0,0,1,0,2,0.866789,9,74
0,0,0,1,0,2,0,1,2,1,0,0,0,2,1,0,0,0,0,3,0.402526,9,75
0,0,1,0,0,2,0,1,2,1,0,1,1,0,1,0,1,1,0,1,0.879234,9,76
0,0,0,1,0,1,0,2,2,1,0,1,1,0,1,0,0,1,0,2,0.412085,9,77
0,0,0,0,1,1,0,1,4,0,0,0,1,0,2,0,1,1,0,1,-0.090039,9,78
1,0,0,0,0,1,0,1,4,0,0,0,1,1,1,0,0,0,0,3,1.177255,9,79
0,0,0,1,0,2,0,1,2,1,0,1,1,0,1,0,0,1,0,2,0.348291,9,80
1,0,0,0,0,1,0,2,2,1,0,0,0,1,2,0,1,0,0,2,1.213183,9,81
0,0,0,0,1,2,1,1,1,1,1,1,0,0,1,0,2,1,0,0,-0.016539,10,82
0,0,1,0,0,1,0,0,2,3,0,2,0,1,0,0,1,1,1,0,1.073647,10,83
1,0,0,0,0,1,1,1,1,2,1,1,1,0,0,0,1,1,1,0,1.393470,10,84
0,0,0,1,0,1,1,1,1,2,0,0,0,2,1,0,3,0,0,0,0.496494,10,85
0,0,0,0,1,2,1,1,1,1,1,0,1,1,0,0,1,0,1,1,0.150145,10,86
1,0,0,0,0,1,0,0,2,3,0,1,1,0,1,0,1,1,0,1,1.347724,10,87
0,1,0,0,0,1,0,0,2,3,2,0,0,1,0,0,3,0,0,0,1.030335,10,88
0,0,0,0,1,1,1,1,1,2,1,2,0,0,0,0,1,1,0,1,0.004878,10,89
0,0,0,1,0,2,1,1,1,1,0,2,0,1,0,0,2,1,0,0,0.487373,10,90
0,0,0,0,1,2,1,1,2,0,0,0,2,0,1,2,0,1,0,0,0.054658,11,91
0,0,0,1,0,1,1,1,1,2,1,0,2,0,0,2,0,0,1,0,0.593585,11,92
0,0,1,0,0,1,2,0,1,2,2,0,0,0,1,2,0,0,0,1,1.053274,11,93
1,0,0,0,0,1,2,0,1,2,0,0,2,0,1,1,0,0,0,2,1.336110,11,94
0,1,0,0,0,2,1,1,2,0,1,0,2,0,0,1,1,0,0,1,1.084398,11,95
0,1,0,0,0,1,1,1,1,2,1,1,1,0,0,1,1,0,0,1,1.055803,11,96
1,0,0,0,0,1,1,1,1,2,0,0,1,0,2,0,0,1,0,2,1.255810,11,97
0,0,0,1,0,1,2,0,1,2,0,1,2,0,0,0,1,1,1,0,0.577288,11,98
0,0,0,0,1,2,1,1,2,0,1,1,0,0,1,0,0,0,1,2,0.073075,11,99
0,0,0,1,0,4,0,0,1,1,0,0,2,0,1,1,0,0,2,0,0.316856,12,100
1,0,0,0,0,2,0,0,2,2,0,0,0,0,3,0,0,0,2,1,1.141868,12,101
1,0,0,0,0,4,0,0,1,1,0,1,1,0,1,1,0,0,1,1,1.094510,12,102
0,0,0,1,0,4,0,0,1,1,0,0,1,0,2,1,0,0,2,0,0.374582,12,103
0,0,0,0,1,4,0,0,1,1,0,1,0,0,2,0,1,0,1,1,-0.091348,12,104
1,0,0,0,0,2,0,0,2,2,0,1,1,1,0,2,1,0,0,0,1.161550,12,105
1,0,0,0,0,2,0,0,2,2,0,0,1,0,2,0,0,0,3,0,1.210093,12,106
0,0,0,0,1,4,0,0,1,1,0,0,0,1,2,0,1,0,2,0,-0.149825,12,107
1,0,0,0,0,4,0,0,1,1,0,0,0,1,2,1,0,0,2,0,1.152576,12,108
0,0,1,0,0,1,1,1,2,1,1,1,0,0,1,0,1,0,1,1,1.039083,13,109
0,0,0,0,1,2,0,3,1,0,1,1,0,0,1,0,1,0,1,1,-0.089313,13,110
0,0,1,0,0,1,1,2,1,1,0,2,0,1,0,0,2,1,0,0,0.925737,13,111
0,0,0,1,0,1,1,2,1,1,3,0,0,0,0,0,1,1,0,1,0.483199,13,112
1,0,0,0,0,1,1,1,2,1,1,0,0,2,0,0,1,2,0,0,1.298172,13,113
0,0,0,1,0,2,0,3,1,0,1,0,0,1,1,0,2,1,0,0,0.372265,13,114
0,1,0,0,0,2,0,3,1,0,1,1,0,1,0,0,0,2,1,0,0.840182,13,115
1,0,0,0,0,1,1,2,1,1,0,0,0,1,2,0,0,1,2,0,1.277818,13,116
0,0,1,0,0,1,1,1,2,1,1,1,0,0,1,0,1,1,1,0,1.013652,13,117
1,0,0,0,0,1,1,2,0,2,1,0,1,0,1,3,0,0,0,0,1.350143,14,118
0,0,0,0,1,1,1,2,1,1,0,1,1,0,1,1,0,1,0,1,-0.101002,14,119
0,0,1,0,0,2,0,0,1,3,0,0,0,1,2,1,0,2,0,0,0.994100,14,120
0,1,0,0,0,2,0,0,1,3,1,1,0,1,0,1,0,0,0,2,0.955582,14,121
0,0,0,0,1,1,1,2,0,2,0,2,0,1,0,0,1,1,0,1,-0.049274,14,122
1,0,0,0,0,1,1,2,1,1,1,0,0,2,0,1,1,0,0,1,1.305060,14,123
0,0,0,0,1,1,1,2,1,1,0,1,0,1,1,1,0,1,0,1,0.006308,14,124
0,0,1,0,0,2,0,0,1,3,0,1,1,1,0,1,1,0,0,1,1.031194,14,125
0,0,0,1,0,1,1,2,0,2,0,0,0,2,1,0,0,1,0,2,0.518080,14,126
0,0,1,0,0,3,0,2,1,0,0,1,1,0,1,0,0,1,1,1,0.786197,15,127
0,0,0,1,0,2,1,2,1,0,1,1,0,1,0,0,0,1,1,1,0.404250,15,128
1,0,0,0,0,1,1,2,2,0,1,0,0,1,1,0,0,1,1,1,1.215597,15,129
1,0,0,0,0,1,1,2,2,0,0,0,2,1,0,1,0,1,0,1,1.257872,15,130
0,0,0,1,0,3,0,2,1,0,0,1,0,2,0,0,1,1,1,0,0.326838,15,131
1,0,0,0,0,2,1,2,1,0,0,1,1,1,0,1,1,1,0,0,1.279109,15,132
0,0,1,0,0,2,1,2,1,0,0,1,1,0,1,0,0,1,1,1,0.825394,15,133
0,0,1,0,0,1,1,2,2,0,0,3,0,0,0,0,1,1,1,0,0.826779,15,134
0,1,0,0,0,3,0,2,1,0,1,1,1,0,0,1,0,1,0,1,0.915080,15,135
0,0,0,1,0,3,1,1,1,0,0,1,1,0,1,1,1,0,1,0,0.447881,16,136
1,0,0,0,0,2,1,2,1,0,1,1,1,0,0,1,0,0,2,0,1.174864,16,137
0,1,0,0,0,3,0,1,2,0,0,0,2,0,1,2,0,1,0,0,0.790720,16,138
0,0,1,0,0,3,0,1,2,0,1,0,1,0,1,0,0,1,2,0,0.696771,16,139
1,0,0,0,0,3,1,1,1,0,1,0,1,0,1,1,0,1,1,0,1.157677,16,140
1,0,0,0,0,2,1,2,1,0,0,0,3,0,0,1,0,2,0,0,1.174695,16,141
0,0,0,1,0,2,1,2,1,0,0,0,0,0,3,0,1,1,1,0,0.458759,16,142
1,0,0,0,0,3,0,1,2,0,0,1,1,0,1,0,1,1,1,0,1.041324,16,143
0,0,1,0,0,3,1,1,1,0,0,0,2,0,1,0,0,2,1,0,0.800059,16,144
0,0,1,0,0,1,2,1,0,2,1,0,0,1,1,2,0,0,0,1,1.140784,17,145
1,0,0,0,0,0,1,3,0,2,0,0,0,2,1,1,0,0,2,0,1.267071,17,146
0,0,0,0,1,0,1,3,0,2,2,1,0,0,0,1,0,0,1,1,-0.051772,17,147
0,1,0,0,0,1,1,2,0,2,1,0,0,2,0,1,0,0,1,1,0.952854,17,148
0,0,1,0,0,1,2,1,0,2,1,1,0,1,0,0,0,0,3,0,1.139559,17,149
0,0,0,0,1,0,1,3,0,2,2,1,0,0,0,1,0,0,1,1,-0.033170,17,150
0,1,0,0,0,0,1,3,0,2,0,1,0,2,0,0,0,1,1,1,0.938779,17,151
0,0,0,0,1,1,1,2,0,2,0,2,0,0,1,0,0,0,2,1,0.075714,17,152
0,0,0,0,1,1,2,1,0,2,0,1,0,2,0,0,0,1,1,1,0.070989,17,153
0,0,1,0,0,3,1,0,2,0,0,2,0,0,1,0,2,0,0,1,0.736819,18,154
1,0,0,0,0,1,1,2,2,0,1,1,0,1,0,0,1,0,0,2,1.092977,18,155
0,1,0,0,0,4,0,2,0,0,1,0,0,1,1,0,2,0,0,1,0.849725,18,156
0,0,0,1,0,4,0,2,0,0,2,1,0,0,0,1,0,1,0,1,0.398375,18,157
1,0,0,0,0,3,1,0,2,0,2,1,0,0,0,1,0,1,0,1,1.159316,18,158
1,0,0,0,0,1,1,2,2,0,1,1,0,0,1,2,1,0,0,0,1.124507,18,159
1,0,0,0,0,1,1,2,2,0,1,1,0,0,1,0,2,1,0,0,1.170462,18,160
0,0,0,1,0,4,0,2,0,0,0,2,0,0,1,1,2,0,0,0,0.397120,18,161
0,0,1,0,0,3,1,0,2,0,1,0,0,1,1,1,2,0,0,0,0.818186,18,162
1,0,0,0,0,1,0,2,0,3,0,2,0,0,1,1,1,0,0,1,1.234106,19,163
0,0,1,0,0,1,1,1,0,3,0,0,0,1,2,3,0,0,0,0,1.115577,19,164
0,0,1,0,0,2,1,1,0,2,0,2,0,0,1,1,0,1,0,1,0.984837,19,165
0,0,0,0,1,2,1,1,0,2,0,1,0,2,0,2,0,0,1,0,0.037146,19,166
0,1,0,0,0,1,0,2,0,3,1,1,0,1,0,3,0,0,0,0,0.997130,19,167
0,0,0,0,1,1,1,1,0,3,1,2,0,0,0,1,0,0,1,1,0.133178,19,168
1,0,0,0,0,1,1,1,0,3,1,1,0,1,0,1,1,1,0,0,1.442622,19,169
0,0,0,0,1,2,1,1,0,2,2,0,0,0,1,2,1,0,0,0,0.085405,19,170
0,0,0,0,1,1,0,2,0,3,1,0,0,1,1,1,0,1,1,0,0.030720,19,171
0,0,1,0,0,1,0,1,2,2,1,0,1,0,1,0,0,1,1,1,1.101994,20,172
0,0,0,1,0,1,0,2,1,2,2,0,1,0,0,0,0,1,1,1,0.585587,20,173
0,0,0,0,1,0,0,1,3,2,2,0,1,0,0,0,0,2,0,1,0.075062,20,174
1,0,0,0,0,0,0,1,3,2,1,0,1,0,1,0,1,0,1,1,1.444957,20,175
0,0,0,0,1,1,0,1,2,2,1,0,1,0,1,0,0,2,0,1,0.033798,20,176
0,0,0,1,0,1,0,2,1,2,0,1,1,0,1,0,1,1,0,1,0.508018,20,177
0,0,0,0,1,1,0,2,1,2,1,0,1,0,1,0,0,2,0,1,0.092284,20,178
0,0,0,1,0,1,0,2,1,2,2,0,1,0,0,0,0,1,1,1,0.589367,20,179
0,0,0,1,0,1,0,1,2,2,1,1,1,0,0,0,1,1,0,1,0.550071,20,180
0,0,1,0,0,1,2,2,1,0,0,1,0,0,2,1,0,1,0,1,0.648454,21,181
0,0,1,0,0,1,2,3,0,0,0,1,0,1,1,1,0,0,0,2,0.810395,21,182
0,1,0,0,0,0,2,3,1,0,1,0,0,1,1,1,0,1,0,1,0.847296,21,183
1,0,0,0,0,0,2,3,1,0,0,0,1,0,2,1,0,0,1,1,1.074806,21,184
0,0,1,0,0,1,2,2,1,0,1,0,0,0,2,1,0,0,0,2,0.781006,21,185
0,0,0,1,0,1,2,3,0,0,1,0,0,0,2,1,0,0,1,1,0.410613,21,186
0,1,0,0,0,1,2,3,0,0,0,0,1,0,2,1,0,2,0,0,0.723198,21,187
0,0,1,0,0,0,2,3,1,0,0,1,0,0,2,1,0,1,0,1,0.998899,21,188
0,1,0,0,0,1,2,2,1,0,0,0,1,1,1,1,0,1,1,0,0.875404,21,189
1,0,0,0,0,1,1,1,2,1,0,1,1,1,0,0,2,0,0,1,1.317277,22,190
0,0,0,1,0,1,1,1,0,3,0,1,0,2,0,1,0,0,1,1,0.432067,22,191
0,0,1,0,0,2,0,0,2,2,0,0,0,3,0,2,1,0,0,0,1.028719,22,192
0,0,0,0,1,2,0,0,2,2,0,0,2,1,0,0,1,0,1,1,0.153384,22,193
0,0,0,0,1,1,1,1,2,1,1,0,0,2,0,1,1,0,0,1,-0.007367,22,194
1,0,0,0,0,1,1,1,0,3,1,0,1,1,0,0,1,0,1,1,1.399009,22,195
0,0,0,1,0,1,1,1,0,3,1,0,1,1,0,1,2,0,0,0,0.525820,22,196
0,1,0,0,0,2,0,0,2,2,2,1,0,0,0,0,1,0,1,1,1.048949,22,197
0,0,0,0,1,1,1,1,2,1,1,0,1,1,0,1,0,0,2,0,0.033921,22,198
0,0,1,0,0,2,4,0,0,0,2,0,1,0,0,0,2,0,1,0,1.023452,23,199
0,1,0,0,0,3,2,1,0,0,0,0,2,0,1,0,1,0,1,1,0.784471,23,200
0,1,0,0,0,1,4,1,0,0,1,0,1,0,1,0,1,1,0,1,0.802402,23,201
1,0,0,0,0,1,4,1,0,0,1,0,1,0,1,1,1,0,0,1,1.099562,23,202
1,0,0,0,0,2,4,0,0,0,0,0,2,0,1,1,0,0,1,1,1.196628,23,203
0,1,0,0,0,3,2,1,0,0,1,0,1,1,0,0,1,0,1,1,0.826116,23,204
0,1,0,0,0,3,2,1,0,0,1,0,0,0,2,1,0,1,1,0,0.760450,23,205
1,0,0,0,0,1,4,1,0,0,0,0,1,1,1,0,0,0,3,0,1.222380,23,206
0,1,0,0,0,2,4,0,0,0,0,0,0,1,2,0,0,1,1,1,0.858459,23,207
1,0,0,0,0,2,1,1,1,1,0,1,0,2,0,0,0,1,0,2,1.170572,24,208
0,0,0,1,0,4,0,1,0,1,0,1,0,2,0,2,0,0,0,1,0.426115,24,209
1,0,0,0,0,2,1,2,1,0,0,2,0,1,0,1,0,1,1,0,1.128336,24,210
1,0,0,0,0,2,1,2,1,0,0,2,0,1,0,0,1,0,0,2,1.098912,24,211
0,0,1,0,0,2,1,1,1,1,0,3,0,0,0,2,0,0,0,1,0.833976,24,212
0,0,1,0,0,4,0,1,0,1,0,1,0,1,1,1,1,1,0,0,0.841375,24,213
0,1,0,0,0,4,0,1,0,1,0,3,0,0,0,0,0,0,1,2,0.752756,24,214
0,0,0,0,1,2,1,2,1,0,0,1,0,1,1,2,0,0,0,1,-0.071555,24,215
1,0,0,0,0,2,1,1,1,1,0,1,0,1,1,1,1,0,1,0,1.291893,24,216
1,0,0,0,0,3,3,0,0,0,0,1,1,0,1,0,0,1,1,1,1.126623,25,217
1,0,0,0,0,2,3,1,0,0,1,1,0,1,0,1,0,0,1,1,1.123233,25,218
1,0,0,0,0,3,2,1,0,0,1,0,1,1,0,2,0,0,0,1,1.111086,25,219
0,1,0,0,0,3,2,1,0,0,1,0,0,1,1,1,1,0,1,0,0.788167,25,220
0,1,0,0,0,3,3,0,0,0,0,0,1,2,0,1,1,0,1,0,0.958186,25,221
0,1,0,0,0,2,3,1,0,0,0,0,0,2,1,1,0,0,1,1,0.888430,25,222
1,0,0,0,0,2,3,1,0,0,1,0,2,0,0,1,1,1,0,0,1.310922,25,223
0,1,0,0,0,3,2,1,0,0,0,1,1,1,0,0,0,1,1,1,0.748929,25,224
0,0,1,0,0,3,3,0,0,0,2,0,0,1,0,2,0,0,0,1,0.797902,25,225
0,0,0,0,1,0,2,3,0,1,0,0,1,1,1,0,1,0,1,1,0.185814,26,226
0,1,0,0,0,1,0,3,0,2,0,1,0,0,2,1,0,1,0,1,0.805700,26,227
0,0,1,0,0,1,2,2,0,1,1,0,0,1,1,0,1,1,0,1,1.075503,26,228
0,0,0,0,1,1,2,2,0,1,1,1,1,0,0,0,1,1,0,1,0.098942,26,229
1,0,0,0,0,0,2,3,0,1,1,2,0,0,0,0,2,1,0,0,1.288348,26,230
0,0,1,0,0,1,0,3,0,2,1,0,2,0,0,0,2,1,0,0,1.107410,26,231
0,1,0,0,0,1,0,3,0,2,1,1,0,1,0,0,1,0,1,1,0.857848,26,232
0,0,1,0,0,1,2,2,0,1,0,1,1,0,1,1,1,0,1,0,0.940856,26,233
0,0,1,0,0,0,2,3,0,1,1,0,1,0,1,1,0,1,0,1,1.058421,26,234
0,1,0,0,0,1,0,2,2,1,0,0,1,1,1,0,1,1,1,0,0.933728,27,235
1,0,0,0,0,0,1,2,2,1,0,1,1,0,1,1,1,1,0,0,1.270134,27,236
0,0,0,1,0,1,1,2,2,0,1,1,0,1,0,1,2,0,0,0,0.486482,27,237
0,0,1,0,0,1,1,2,2,0,0,0,3,0,0,0,1,1,1,0,1.046766,27,238
0,0,1,0,0,1,0,2,2,1,2,0,1,0,0,1,0,0,1,1,1.009853,27,239
0,0,1,0,0,0,1,2,2,1,2,0,1,0,0,0,2,0,0,1,0.961049,27,240
0,0,0,1,0,0,1,2,2,1,1,0,1,1,0,0,1,0,2,0,0.531071,27,241
0,0,0,0,1,1,1,2,2,0,2,0,0,0,1,0,1,0,1,1,0.032083,27,242
0,0,0,1,0,1,0,2,2,1,1,1,1,0,0,0,3,0,0,0,0.462074,27,243
0,0,1,0,0,2,1,2,1,0,0,1,1,1,0,1,0,0,1,1,0.802993,28,244
0,0,1,0,0,2,1,2,1,0,1,0,0,2,0,1,1,0,0,1,0.859752,28,245
1,0,0,0,0,2,0,2,2,0,1,1,0,1,0,1,0,0,1,1,1.160468,28,246
0,1,0,0,0,2,0,2,2,0,1,0,1,1,0,0,0,1,1,1,0.843868,28,247
1,0,0,0,0,2,1,2,1,0,0,0,0,3,0,1,0,2,0,0,1.236878,28,248
1,0,0,0,0,2,1,2,1,0,0,1,1,1,0,0,0,1,2,0,1.263813,28,249
0,0,0,1,0,2,1,2,1,0,1,1,0,1,0,1,0,1,0,1,0.398177,28,250
0,0,1,0,0,2,0,2,2,0,0,1,0,2,0,1,1,1,0,0,0.821656,28,251
0,0,0,1,0,2,1,2,1,0,2,1,0,0,0,0,1,0,1,1,0.377082,28,252
0,0,0,0,1,1,2,1,1,1,0,0,1,1,1,1,0,0,2,0,0.033978,29,253
0,0,1,0,0,2,1,0,1,2,1,0,0,1,1,0,0,1,1,1,1.115279,29,254
0,1,0,0,0,1,1,1,0,3,0,0,2,0,1,1,1,0,0,1,0.999598,29,255
1,0,0,0,0,1,1,1,0,3,1,0,0,1,1,1,0,0,1,1,1.377764,29,256
0,0,0,0,1,1,2,1,1,1,1,1,1,0,0,1,1,0,0,1,0.126158,29,257
0,0,0,0,1,2,1,0,1,2,0,1,1,0,1,1,1,0,0,1,-0.028208,29,258
0,1,0,0,0,2,1,0,1,2,0,1,1,1,0,1,1,0,1,0,0.966735,29,259
0,0,0,1,0,1,1,1,0,3,0,2,0,1,0,0,1,1,1,0,0.395027,29,260
1,0,0,0,0,1,2,1,1,1,0,1,0,1,1,0,1,1,0,1,1.369041,29,261
0,0,1,0,0,2,1,1,1,1,0,1,1,1,0,0,0,2,1,0,0.934208,30,262
0,0,0,1,0,2,1,2,0,1,1,0,2,0,0,1,0,1,0,1,0.592497,30,263
1,0,0,0,0,0,2,3,1,0,0,1,1,0,1,1,0,0,1,1,1.213862,30,264
0,0,0,0,1,0,2,3,1,0,1,0,1,1,0,0,1,1,0,1,0.211664,30,265
0,1,0,0,0,2,1,1,1,1,2,0,0,0,1,0,0,0,1,2,0.882892,30,266
0,1,0,0,0,2,1,2,0,1,1,0,0,1,1,0,1,0,2,0,0.899310,30,267
0,0,1,0,0,2,1,2,0,1,1,1,1,0,0,1,0,1,0,1,0.859812,30,268
1,0,0,0,0,0,2,3,1,0,2,0,1,0,0,1,0,1,1,0,1.364030,30,269
0,0,1,0,0,2,1,1,1,1,1,0,2,0,0,2,1,0,0,0,0.939113,30,270
0,0,1,0,0,0,1,2,1,2,1,1,1,0,0,0,0,2,0,1,1.035278,31,271
0,0,1,0,0,1,0,2,0,3,1,0,1,1,0,0,2,1,0,0,1.061227,31,272
0,0,0,0,1,1,1,2,1,1,0,1,2,0,0,0,1,1,0,1,0.194455,31,273
0,0,0,0,1,1,1,2,1,1,1,0,1,1,0,0,1,2,0,0,0.242843,31,274
0,0,0,0,1,0,1,2,1,2,0,1,1,1,0,0,2,0,1,0,0.121146,31,275
0,1,0,0,0,1,0,2,0,3,1,0,2,0,0,0,0,2,1,0,1.215669,31,276
0,0,0,1,0,1,0,2,0,3,1,2,0,0,0,0,1,0,0,2,0.516430,31,277
0,0,1,0,0,1,1,2,1,1,2,1,0,0,0,0,1,0,1,1,0.911194,31,278
1,0,0,0,0,0,1,2,1,2,2,0,1,0,0,0,1,1,0,1,1.397411,31,279
0,0,0,0,1,0,2,1,1,2,0,2,1,0,0,0,0,1,1,1,0.155579,32,280
0,0,0,0,1,0,2,3,0,1,2,1,0,0,0,0,2,0,1,0,0.125999,32,281
0,1,0,0,0,0,0,2,1,3,1,0,1,0,1,1,1,1,0,0,0.945086,32,282
0,1,0,0,0,0,0,2,1,3,1,2,0,0,0,0,1,0,2,0,0.980353,32,283
0,0,1,0,0,0,2,1,1,2,1,0,0,1,1,0,2,0,1,0,1.235425,32,284
0,0,0,0,1,0,2,3,0,1,0,1,1,0,1,0,2,1,0,0,0.133957,32,285
0,0,0,1,0,0,2,3,0,1,0,1,1,1,0,1,0,0,1,1,0.520781,32,286
0,0,1,0,0,0,0,2,1,3,0,1,1,1,0,0,2,0,0,1,1.140636,32,287
0,0,1,0,0,0,2,1,1,2,1,1,1,0,0,1,2,0,0,0,1.209235,32,288
0,0,1,0,0,3,0,0,2,1,0,2,0,1,0,0,0,1,2,0,0.888064,33,289
1,0,0,0,0,2,0,1,1,2,1,1,1,0,0,0,0,1,1,1,1.289129,33,290
0,0,0,0,1,3,0,1,1,1,0,0,2,1,0,0,0,2,1,0,0.088041,33,291
1,0,0,0,0,3,0,1,1,1,1,1,1,0,0,0,0,2,1,0,1.271637,33,292
1,0,0,0,0,3,0,0,2,1,2,0,1,0,0,0,0,2,0,1,1.256120,33,293
0,0,0,1,0,2,0,1,1,2,0,1,1,0,1,0,0,1,1,1,0.470632,33,294
1,0,0,0,0,2,0,1,1,2,1,0,1,1,0,0,0,3,0,0,1.282808,33,295
0,0,0,1,0,3,0,1,1,1,1,1,0,0,1,0,0,1,0,2,0.469674,33,296
0,0,0,0,1,3,0,0,2,1,0,0,2,0,1,0,0,2,0,1,0.089911,33,297
0,0,0,0,1,2,1,1,1,1,0,0,0,2,1,1,0,1,1,0,-0.060101,34,298
0,0,0,1,0,2,1,1,1,1,0,1,0,1,1,1,1,0,1,0,0.387486,34,299
0,0,1,0,0,2,0,0,2,2,0,2,0,0,1,0,2,0,1,0,0.858393,34,300
0,1,0,0,0,2,0,0,2,2,0,0,1,1,1,2,1,0,0,0,0.875361,34,301
0,0,0,1,0,2,1,1,1,1,0,1,0,0,2,1,2,0,0,0,0.382754,34,302
0,0,0,0,1,2,1,1,1,1,0,1,1,1,0,0,2,0,1,0,-0.013894,34,303
1,0,0,0,0,2,1,1,1,1,0,0,1,0,2,1,1,1,0,0,1.196446,34,304
1,0,0,0,0,2,0,0,2,2,0,0,1,1,1,0,1,1,1,0,1.204278,34,305
1,0,0,0,0,2,1,1,1,1,0,1,2,0,0,0,2,0,1,0,1.227027,34,306
0,0,0,1,0,2,0,1,3,0,1,0,1,0,1,1,1,1,0,0,0.454104,35,307
1,0,0,0,0,1,0,2,2,1,2,1,0,0,0,0,2,0,0,1,1.234387,35,308
1,0,0,0,0,1,0,1,3,1,0,1,2,0,0,0,1,1,0,1,1.280049,35,309
0,0,1,0,0,1,0,1,3,1,1,1,0,0,1,0,3,0,0,0,1.060012,35,310
0,0,0,0,1,2,0,1,3,0,2,0,1,0,0,0,1,1,0,1,0.175283,35,311
0,0,0,1,0,1,0,2,2,1,1,0,1,0,1,0,1,2,0,0,0.523596,35,312
0,0,0,1,0,1,0,2,2,1,1,1,1,0,0,1,2,0,0,0,0.477479,35,313
0,0,0,1,0,1,0,1,3,1,3,0,0,0,0,1,1,1,0,0,0.488318,35,314
0,0,1,0,0,2,0,1,3,0,1,2,0,0,0,0,3,0,0,0,0.887269,35,315
0,0,1,0,0,1,1,1,2,1,0,0,0,1,2,1,1,1,0,0,1.040281,36,316
0,0,0,0,1,1,1,2,2,0,1,0,0,1,1,0,1,1,1,0,0.033341,36,317
0,0,0,1,0,0,2,3,0,1,1,0,0,1,1,0,1,1,1,0,0.482138,36,318
0,0,0,1,0,0,2,3,0,1,1,0,1,1,0,0,2,0,1,0,0.476433,36,319
0,0,1,0,0,1,1,1,2,1,3,0,0,0,0,0,1,0,1,1,0.954759,36,320
0,1,0,0,0,1,1,2,2,0,1,0,1,1,0,0,0,1,1,1,0.874402,36,321
0,0,1,0,0,1,1,2,2,0,1,0,1,0,1,1,2,0,0,0,0.869206,36,322
1,0,0,0,0,0,2,3,0,1,1,0,1,0,1,1,0,1,0,1,1.190040,36,323
0,1,0,0,0,1,1,1,2,1,0,0,2,1,0,0,1,1,1,0,1.002028,36,324
0,0,0,0,1,1,0,1,0,4,1,1,1,0,0,0,1,1,1,0,0.138357,37,325
0,0,0,0,1,1,1,1,1,2,1,0,1,0,1,0,1,0,2,0,0.120370,37,326
1,0,0,0,0,0,1,0,1,4,3,0,0,0,0,0,1,1,1,0,1.516930,37,327
0,0,1,0,0,0,1,0,1,4,0,1,1,0,1,1,1,0,1,0,1.204910,37,328
0,1,0,0,0,1,0,1,0,4,1,0,0,1,1,0,1,0,2,0,1.026520,37,329
0,0,0,0,1,1,1,1,1,2,1,1,0,1,0,1,0,1,1,0,0.070288,37,330
0,0,0,0,1,1,1,1,1,2,1,0,1,1,0,0,3,0,0,0,0.129377,37,331
0,0,0,0,1,0,1,0,1,4,0,0,1,2,0,0,2,0,1,0,0.144438,37,332
0,0,0,1,0,1,0,1,0,4,1,0,1,1,0,1,2,0,0,0,0.549700,37,333
1,0,0,0,0,1,1,0,3,1,0,0,0,1,2,0,1,1,0,1,1.260161,38,334
0,1,0,0,0,2,1,0,2,1,1,1,0,0,1,0,0,1,2,0,0.882783,38,335
0,0,0,1,0,3,2,0,1,0,0,2,0,1,0,0,1,0,1,1,0.446114,38,336
0,0,0,1,0,3,2,0,1,0,2,0,0,0,1,0,0,1,1,1,0.590998,38,337
0,1,0,0,0,1,1,0,3,1,2,1,0,0,0,1,0,0,1,1,0.953187,38,338
0,0,0,1,0,2,1,0,2,1,0,1,0,0,2,1,0,0,1,1,0.433330,38,339
1,0,0,0,0,2,1,0,2,1,2,0,0,1,0,0,2,0,0,1,1.388997,38,340
0,0,0,0,1,3,2,0,1,0,1,0,0,0,2,1,1,0,1,0,-0.094394,38,341
1,0,0,0,0,1,1,0,3,1,1,1,0,0,1,0,1,0,2,0,1.284101,38,342
1,0,0,0,0,1,1,0,1,3,1,1,0,1,0,1,0,0,1,1,1.399933,39,343
0,0,0,1,0,2,2,0,1,1,1,0,0,1,1,0,1,1,0,1,0.462972,39,344
0,1,0,0,0,1,1,0,2,2,0,0,0,1,2,0,1,0,2,0,0.849503,39,345
0,0,0,0,1,1,1,0,2,2,0,2,0,1,0,0,1,0,0,2,0.010925,39,346
0,0,0,1,0,1,1,0,1,3,0,0,0,2,1,1,2,0,0,0,0.405859,39,347
0,0,0,0,1,2,2,0,1,1,1,1,0,0,1,1,0,0,1,1,0.037644,39,348
0,0,0,0,1,2,2,0,1,1,0,1,0,2,0,1,1,0,1,0,-0.002602,39,349
1,0,0,0,0,1,1,0,2,2,2,0,0,1,0,2,0,1,0,0,1.464323,39,350
0,1,0,0,0,1,1,0,1,3,1,1,0,0,1,0,0,1,1,1,0.964615,39,351
0,0,0,0,1,0,1,2,2,1,0,0,1,0,2,1,1,0,1,0,0.034611,40,352
0,0,0,0,1,0,0,2,2,2,1,0,0,0,2,2,0,0,1,0,-0.029638,40,353
0,0,1,0,0,0,1,0,2,3,1,1,0,0,1,2,1,0,0,0,1.128958,40,354
0,0,0,1,0,0,1,0,2,3,0,0,2,0,1,0,2,0,1,0,0.508844,40,355
0,0,0,1,0,0,1,2,2,1,0,2,0,0,1,1,2,0,0,0,0.305356,40,356
0,0,0,1,0,0,0,2,2,2,0,1,1,0,1,0,3,0,0,0,0.381210,40,357
0,1,0,0,0,0,0,2,2,2,0,1,1,0,1,2,1,0,0,0,0.924065,40,358
0,0,1,0,0,0,1,0,2,3,0,1,0,0,2,2,1,0,0,0,1.149307,40,359
0,0,0,0,1,0,1,2,2,1,1,0,1,0,1,2,1,0,0,0,0.007755,40,360
0,0,0,1,0,0,2,2,2,0,0,2,1,0,0,0,0,1,2,0,0.487144,41,361
0,1,0,0,0,1,0,2,3,0,1,1,0,0,1,0,0,2,1,0,0.789144,41,362
0,0,1,0,0,1,2,0,3,0,1,1,1,0,0,0,1,0,2,0,0.943057,41,363
0,0,1,0,0,1,2,0,3,0,0,1,0,0,2,1,0,1,0,1,1.001174,41,364
1,0,0,0,0,0,2,2,2,0,0,1,0,0,2,1,0,0,1,1,1.248407,41,365
0,1,0,0,0,1,0,2,3,0,0,3,0,0,0,2,0,0,1,0,0.854859,41,366
0,0,0,1,0,1,0,2,3,0,0,0,1,0,2,0,1,0,1,1,0.432557,41,367
0,0,0,1,0,1,2,0,3,0,0,2,0,0,1,1,0,1,1,0,0.379475,41,368
0,0,0,1,0,0,2,2,2,0,1,1,0,0,1,1,1,1,0,0,0.348437,41,369
0,0,1,0,0,1,2,0,1,2,1,1,0,0,1,1,1,1,0,0,1.064627,42,370
0,1,0,0,0,2,0,1,1,2,0,1,0,0,2,1,0,0,2,0,0.795327,42,371
1,0,0,0,0,1,2,1,2,0,1,0,0,0,2,0,1,1,1,0,1.301811,42,372
0,0,0,0,1,1,2,1,2,0,1,0,0,1,1,2,0,0,1,0,-0.066983,42,373
0,0,0,1,0,1,2,0,1,2,1,0,0,1,1,2,0,0,1,0,0.363253,42,374
0,0,0,1,0,2,0,1,1,2,2,1,0,0,0,1,0,1,1,0,0.391333,42,375
0,1,0,0,0,2,0,1,1,2,0,0,0,2,1,1,2,0,0,0,0.861178,42,376
0,0,0,0,1,1,2,1,2,0,0,2,0,1,0,1,1,0,1,0,-0.113135,42,377
1,0,0,0,0,1,2,0,1,2,0,1,0,1,1,0,1,0,2,0,1.386098,42,378
0,0,0,1,0,0,1,1,3,1,1,0,0,2,0,1,0,0,2,0,0.430246,43,379
0,0,1,0,0,0,0,0,4,2,2,0,0,1,0,0,0,0,1,2,1.127270,43,380
0,0,0,1,0,0,1,1,3,1,1,1,0,1,0,1,0,0,1,1,0.563512,43,381
0,0,0,0,1,0,1,1,3,1,3,0,0,0,0,0,1,0,2,0,0.129360,43,382
0,0,0,0,1,0,1,1,3,1,1,1,0,1,0,1,1,0,0,1,0.050925,43,383
0,0,0,1,0,0,0,0,4,2,1,2,0,0,0,2,0,0,1,0,0.422941,43,384
0,1,0,0,0,0,0,0,4,2,1,0,0,2,0,0,1,0,2,0,1.026594,43,385
0,0,0,1,0,0,1,1,3,1,0,1,0,2,0,1,0,0,1,1,0.433310,43,386
0,0,0,1,0,0,1,1,3,1,2,1,0,0,0,0,0,0,2,1,0.482643,43,387
0,0,0,1,0,2,0,2,1,1,1,1,1,0,0,1,1,0,0,1,0.363914,44,388
0,0,0,0,1,2,0,2,1,1,0,0,0,1,2,0,1,1,0,1,-0.011476,44,389
0,0,1,0,0,2,0,0,2,2,0,1,0,1,1,0,2,0,1,0,0.996396,44,390
0,0,1,0,0,2,0,0,2,2,0,0,2,1,0,1,0,0,1,1,1.077061,44,391
0,0,0,0,1,0,0,2,3,1,0,2,0,1,0,0,1,0,1,1,-0.110162,44,392
0,0,0,1,0,2,0,2,1,1,1,1,1,0,0,1,1,0,0,1,0.416684,44,393
0,0,0,1,0,2,0,2,1,1,0,1,1,1,0,1,0,0,2,0,0.472613,44,394
0,0,0,1,0,2,0,0,2,2,1,1,0,0,1,1,0,1,0,1,0.391250,44,395
1,0,0,0,0,0,0,2,3,1,1,0,1,0,1,1,0,1,1,0,1.235943,44,396
0,0,0,0,1,2,1,0,1,2,0,3,0,0,0,0,1,2,0,0,0.002689,45,397
0,1,0,0,0,3,0,0,1,2,1,2,0,0,0,1,1,0,1,0,1.000158,45,398
0,0,0,1,0,3,1,0,0,2,0,2,0,0,1,1,0,1,1,0,0.508718,45,399
1,0,0,0,0,3,1,0,0,2,1,1,0,0,1,1,2,0,0,0,1.279067,45,400
1,0,0,0,0,2,1,0,1,2,1,0,0,0,2,2,0,0,1,0,1.291411,45,401
1,0,0,0,0,3,0,0,1,2,0,1,0,1,1,1,1,1,0,0,1.243646,45,402
0,0,0,0,1,3,0,0,1,2,0,1,0,0,2,2,0,1,0,0,-0.006053,45,403
0,0,0,0,1,3,1,0,0,2,0,1,0,1,1,2,0,1,0,0,-0.054508,45,404
1,0,0,0,0,2,1,0,1,2,0,1,0,1,1,2,1,0,0,0,1.278780,45,405
0,0,0,1,0,1,2,2,1,0,0,1,0,0,2,1,2,0,0,0,0.407686,46,406
0,1,0,0,0,1,1,1,2,1,0,1,0,1,1,1,1,0,1,0,0.905415,46,407
0,0,1,0,0,2,1,1,1,1,0,1,0,0,2,0,1,1,1,0,0.887871,46,408
0,1,0,0,0,2,1,1,1,1,0,2,0,1,0,1,1,0,0,1,0.864234,46,409
0,0,0,0,1,1,2,2,1,0,0,1,0,1,1,1,1,0,1,0,-0.055101,46,410
1,0,0,0,0,1,1,1,2,1,0,1,0,1,1,0,2,0,0,1,1.269942,46,411
0,0,1,0,0,1,1,1,2,1,0,2,0,0,1,2,0,1,0,0,0.953466,46,412
0,0,0,1,0,2,1,1,1,1,0,1,0,1,1,2,1,0,0,0,0.335820,46,413
1,0,0,0,0,1,2,2,1,0,0,2,0,1,0,1,0,1,0,1,1.259671,46,414
0,1,0,0,0,1,1,2,1,1,2,0,1,0,0,0,1,0,0,2,0.942330,47,415
0,0,0,0,1,2,2,1,1,0,0,0,1,1,1,1,0,0,1,1,0.058497,47,416
1,0,0,0,0,1,3,1,0,1,1,0,0,2,0,2,1,0,0,0,1.311941,47,417
0,0,1,0,0,1,3,1,0,1,2,0,0,0,1,0,0,1,0,2,0.948789,47,418
1,0,0,0,0,1,1,2,1,1,0,0,1,1,1,1,0,2,0,0,1.199999,47,419
0,0,1,0,0,2,2,1,1,0,1,0,1,1,0,0,1,1,0,1,1.012414,47,420
0,1,0,0,0,2,2,1,1,0,2,0,1,0,0,1,0,1,0,1,0.972346,47,421
0,0,0,1,0,1,3,1,0,1,0,0,3,0,0,0,0,1,1,1,0.801811,47,422
0,1,0,0,0,1,1,2,1,1,1,0,1,1,0,1,0,0,1,1,0.919014,47,423
0,0,1,0,0,0,1,2,1,2,1,1,0,0,1,1,0,0,1,1,1.210637,48,424
0,1,0,0,0,0,1,2,1,2,3,0,0,0,0,1,0,1,0,1,1.106596,48,425
0,0,0,0,1,0,2,2,0,2,1,1,0,0,1,0,0,1,2,0,0.055333,48,426
0,0,0,1,0,0,2,2,0,2,1,2,0,0,0,0,1,0,1,1,0.567232,48,427
0,1,0,0,0,0,1,2,1,2,1,1,1,0,0,0,0,1,1,1,1.053636,48,428
0,0,0,0,1,0,1,2,1,2,1,2,0,0,0,0,1,0,1,1,0.024200,48,429
0,0,1,0,0,0,1,2,1,2,0,1,1,0,1,1,0,0,2,0,1.022284,48,430
0,0,1,0,0,0,2,2,0,2,2,0,1,0,0,2,0,0,0,1,1.183636,48,431
0,0,0,0,1,0,1,2,1,2,2,1,0,0,0,1,1,0,1,0,0.088151,48,432
0,0,0,0,1,2,0,2,1,1,0,0,0,0,3,0,0,0,1,2,-0.008471,49,433
1,0,0,0,0,0,1,1,2,2,0,1,1,0,1,0,1,1,1,0,1.257824,49,434
0,0,1,0,0,2,1,1,1,1,1,0,1,0,1,0,1,0,0,2,0.923619,49,435
0,0,0,1,0,2,1,1,1,1,1,1,0,0,1,0,0,0,2,1,0.399535,49,436
0,0,0,1,0,2,0,2,1,1,1,1,1,0,0,0,2,0,0,1,0.393937,49,437
0,0,1,0,0,0,1,1,2,2,1,0,0,1,1,0,1,0,1,1,0.954274,49,438
1,0,0,0,0,0,1,1,2,2,1,0,1,0,1,0,0,0,0,3,1.242939,49,439
0,0,0,0,1,2,1,1,1,1,0,0,1,1,1,0,1,1,0,1,0.012010,49,440
0,1,0,0,0,2,0,2,1,1,1,0,1,1,0,0,0,1,1,1,0.934742,49,441
0,0,0,1,0,2,1,2,1,0,0,1,0,1,1,2,0,1,0,0,0.408943,50,442
0,0,1,0,0,1,1,1,3,0,1,1,0,1,0,0,1,2,0,0,0.971379,50,443
0,0,0,1,0,1,2,1,2,0,1,2,0,0,0,1,1,0,1,0,0.390090,50,444
0,0,1,0,0,1,2,1,2,0,0,2,0,0,1,0,1,1,0,1,0.886448,50,445
0,0,0,1,0,2,1,2,1,0,0,2,0,1,0,0,2,0,0,1,0.479580,50,446
0,1,0,0,0,1,1,1,3,0,0,1,0,1,1,1,2,0,0,0,0.812358,50,447
1,0,0,0,0,1,1,1,3,0,0,2,0,1,0,1,0,0,1,1,1.202043,50,448
1,0,0,0,0,1,2,1,2,0,0,0,0,3,0,1,1,1,0,0,1.248065,50,449
0,1,0,0,0,2,1,2,1,0,1,1,0,1,0,0,1,1,1,0,0.901093,50,450
1,0,0,0,0,2,0,2,1,1,1,1,1,0,0,1,0,0,2,0,1.157296,51,451
0,0,1,0,0,1,0,2,2,1,1,0,1,0,1,1,0,1,0,1,0.847434,51,452
0,0,0,1,0,3,0,2,1,0,0,1,0,0,2,0,0,1,1,1,0.362734,51,453
0,0,1,0,0,3,0,2,1,0,2,0,0,0,1,1,1,1,0,0,0.809907,51,454
0,0,0,1,0,2,0,2,1,1,1,0,0,0,2,0,0,2,0,1,0.303465,51,455
1,0,0,0,0,1,0,2,2,1,1,0,0,1,1,0,1,0,1,1,1.134877,51,456
1,0,0,0,0,1,0,2,2,1,0,1,0,0,2,0,0,1,1,1,1.180240,51,457
0,0,0,0,1,3,0,2,1,0,0,0,1,1,1,0,0,0,1,2,-0.045924,51,458
0,0,1,0,0,2,0,2,1,1,0,0,0,1,2,0,1,0,0,2,0.830778,51,459
1,0,0,0,0,1,1,1,0,3,2,0,0,0,1,1,1,0,1,0,1.343456,52,460
0,1,0,0,0,3,0,1,0,2,1,2,0,0,0,1,0,1,1,0,0.926630,52,461
0,0,0,0,1,4,1,0,0,1,0,1,1,0,1,0,1,1,1,0,0.128232,52,462
0,0,1,0,0,4,1,0,0,1,2,1,0,0,0,1,1,0,1,0,0.870949,52,463
1,0,0,0,0,1,1,1,0,3,0,1,2,0,0,0,1,2,0,0,1.376102,52,464
1,0,0,0,0,3,0,1,0,2,2,0,1,0,0,0,0,1,2,0,1.277575,52,465
0,0,0,0,1,3,0,1,0,2,1,0,1,0,1,0,3,0,0,0,0.167136,52,466
0,0,0,0,1,4,1,0,0,1,2,0,1,0,0,0,1,1,1,0,0.171259,52,467
1,0,0,0,0,1,1,1,0,3,2,1,0,0,0,0,1,0,2,0,1.326691,52,468
0,0,0,1,0,2,0,3,0,1,1,0,1,0,1,0,1,0,0,2,0.447140,53,469
0,0,1,0,0,1,1,1,1,2,1,0,0,2,0,2,0,0,0,1,1.034119,53,470
0,0,0,0,1,1,1,2,1,1,0,0,1,1,1,2,0,0,0,1,0.050326,53,471
1,0,0,0,0,1,1,2,1,1,0,1,1,1,0,0,0,0,2,1,1.196975,53,472
0,0,0,0,1,2,0,3,0,1,0,0,1,1,1,2,0,0,1,0,-0.004497,53,473
0,0,1,0,0,1,1,1,1,2,0,0,2,1,0,1,0,0,1,1,1.065436,53,474
1,0,0,0,0,1,1,1,1,2,0,1,0,0,2,1,1,0,1,0,1.237498,53,475
0,0,1,0,0,1,1,2,1,1,1,0,0,1,1,2,1,0,0,0,1.081029,53,476
0,1,0,0,0,2,0,3,0,1,0,1,0,2,0,2,0,0,1,0,0.819529,53,477
0,0,0,1,0,3,1,2,0,0,0,2,0,1,0,1,0,1,1,0,0.322576,54,478
0,0,1,0,0,2,0,2,1,1,0,1,0,1,1,1,0,1,1,0,0.757529,54,479
0,0,1,0,0,1,1,2,1,1,0,0,0,3,0,2,0,1,0,0,0.915426,54,480
1,0,0,0,0,1,1,2,1,1,0,1,0,1,1,1,0,0,2,0,1.226709,54,481
0,0,0,0,1,3,1,2,0,0,0,0,1,1,1,1,1,0,1,0,0.026725,54,482
0,1,0,0,0,2,0,2,1,1,0,1,0,1,1,2,1,0,0,0,0.821809,54,483
1,0,0,0,0,2,0,2,1,1,0,0,1,2,0,0,0,2,1,0,1.249054,54,484
1,0,0,0,0,1,1,2,1,1,0,1,1,0,1,0,1,2,0,0,1.188272,54,485
0,0,1,0,0,3,1,2,0,0,0,0,0,2,1,1,0,2,0,0,0.851113,54,486
0,0,0,0,1,0,1,1,3,1,1,0,2,0,0,1,0,2,0,0,0.179155,55,487
0,0,0,1,0,0,0,1,2,3,0,0,2,0,1,1,1,0,0,1,0.500416,55,488
0,0,0,1,0,0,1,2,1,2,1,0,0,0,2,1,1,1,0,0,0.639113,55,489
0,0,0,0,1,0,1,2,1,2,0,0,2,1,0,1,0,1,0,1,0.145226,55,490
0,0,1,0,0,0,1,1,3,1,0,1,1,0,1,0,2,0,0,1,1.148082,55,491
0,1,0,0,0,0,0,1,2,3,1,0,1,0,1,0,1,2,0,0,0.996929,55,492
0,0,1,0,0,0,0,1,2,3,1,1,0,1,0,1,0,1,0,1,1.143930,55,493
0,0,0,1,0,0,1,2,1,2,1,1,1,0,0,0,1,1,0,1,0.545151,55,494
0,0,0,0,1,0,1,1,3,1,1,0,0,1,1,1,0,1,0,1,0.080428,55,495
0,0,1,0,0,1,2,2,0,1,1,0,1,0,1,2,1,0,0,0,0.979874,56,496
1,0,0,0,0,0,1,2,0,3,1,1,1,0,0,0,1,0,1,1,1.290200,56,497
0,0,0,0,1,1,1,2,0,2,0,0,1,1,1,1,0,1,1,0,0.078264,56,498
0,0,1,0,0,1,1,2,0,2,0,2,1,0,0,0,2,0,1,0,1.114325,56,499
0,0,0,0,1,1,2,2,0,1,0,1,0,2,0,0,0,0,2,1,0.074553,56,500
0,1,0,0,0,0,1,2,0,3,0,1,1,1,0,1,1,0,0,1,0.980971,56,501
0,0,1,0,0,0,1,2,0,3,0,1,0,1,1,1,0,1,1,0,1.130306,56,502
0,1,0,0,0,1,1,2,0,2,1,1,0,1,0,1,0,0,0,2,0.980769,56,503
0,0,0,0,1,1,2,2,0,1,0,2,1,0,0,0,1,1,0,1,0.142931,56,504