feature0,feature1,feature2,feature3,feature4,feature5,feature6,feature7,feature8,feature9,feature10,feature11,feature12,feature13,feature14,feature15,feature16,feature17,feature18,feature19,G_ads (eV),slab db row,O_out.dbrow
0,1,0,0,0,0,2,2,2,0,1,0,0,1,1,0,0,0,0,3,1.827841,20,136
1,0,0,0,0,0,2,2,0,2,1,0,1,0,1,0,0,3,0,0,1.908917,21,207
0,0,0,0,1,0,4,2,0,0,0,2,0,0,1,0,0,0,3,0,1.169630,22,147
0,0,0,0,1,0,2,2,0,2,1,0,2,0,0,0,0,0,0,3,1.523234,23,144
0,0,0,0,1,0,4,0,0,2,1,1,0,0,1,0,0,0,3,0,1.335449,24,188
0,1,0,0,0,0,0,4,0,2,0,1,1,1,0,0,3,0,0,0,1.899391,25,146
0,1,0,0,0,0,2,2,2,0,0,0,0,2,1,0,0,0,3,0,1.825847,26,205
0,1,0,0,0,0,4,0,0,2,1,1,0,0,1,0,0,0,0,3,1.922413,27,259
0,1,0,0,0,0,6,0,0,0,0,0,2,1,0,0,0,0,3,0,1.794900,29,292
0,1,0,0,0,0,2,0,2,2,0,2,0,0,1,0,3,0,0,0,1.967012,30,221
0,0,0,0,1,0,0,2,0,4,0,2,0,1,0,0,0,0,3,0,1.303865,31,184
1,0,0,0,0,2,4,0,0,0,2,0,1,0,0,0,0,3,0,0,1.789648,33,203
0,0,1,0,0,2,4,0,0,0,0,1,2,0,0,0,0,0,0,3,1.174020,34,319
0,0,1,0,0,0,2,2,2,0,0,0,0,2,1,0,0,0,3,0,1.403132,35,275
0,0,1,0,0,0,4,0,2,0,1,0,0,2,0,0,0,3,0,0,1.402828,37,377
1,0,0,0,0,4,0,0,2,0,1,1,0,1,0,0,0,0,0,3,1.691223,38,272
0,1,0,0,0,2,2,2,0,0,0,0,0,1,2,3,0,0,0,0,1.644765,40,386
0,0,0,1,0,0,2,2,0,2,0,1,0,0,2,0,0,0,3,0,1.464298,42,258
0,1,0,0,0,2,2,0,2,0,0,0,1,0,2,0,0,3,0,0,1.730678,43,282
0,0,1,0,0,2,0,0,4,0,1,2,0,0,0,3,0,0,0,0,1.284588,44,331
1,0,0,0,0,0,2,0,2,2,1,1,0,1,0,0,0,0,3,0,2.078941,46,143
1,0,0,0,0,2,0,0,4,0,0,1,0,0,2,0,0,0,0,3,1.751128,47,332
0,1,0,0,0,0,0,0,2,4,0,0,1,2,0,3,0,0,0,0,2.075829,48,394
0,0,0,0,1,6,0,0,0,0,2,0,1,0,0,3,0,0,0,0,1.248914,49,365
0,1,0,0,0,2,0,2,2,0,1,2,0,0,0,0,0,0,3,0,1.784998,50,313
0,1,0,0,0,2,0,0,0,4,1,1,1,0,0,0,0,3,0,0,2.141771,51,336
0,0,0,1,0,2,2,0,0,2,1,1,0,0,1,0,3,0,0,0,1.438543,53,358
1,0,0,0,0,2,0,0,2,2,0,0,0,1,2,3,0,0,0,0,1.821570,54,304
0,0,0,1,0,2,2,0,2,0,1,2,0,0,0,3,0,0,0,0,1.448602,59,297
1,0,0,0,0,2,0,4,0,0,0,0,2,1,0,0,0,0,0,3,1.572240,60,346
0,0,0,0,1,0,2,0,0,4,2,1,0,0,0,3,0,0,0,0,1.541883,61,277
0,1,0,0,0,2,2,0,0,2,0,2,1,0,0,0,3,0,0,0,1.774723,62,390
0,0,0,1,0,0,4,0,2,0,1,2,0,0,0,0,3,0,0,0,1.534046,63,306
0,0,1,0,0,0,0,0,6,0,0,0,3,0,0,0,0,0,0,3,1.534834,65,288
1,0,0,0,0,0,0,2,4,0,0,1,0,0,2,3,0,0,0,0,1.761262,67,316
0,0,0,1,0,2,0,0,4,0,1,0,0,2,0,0,3,0,0,0,1.334071,68,314
1,0,0,0,0,0,0,0,6,0,0,1,0,2,0,0,0,0,3,0,1.950016,70,337
0,0,0,1,0,0,2,0,0,4,1,1,0,1,0,0,0,0,3,0,1.672277,71,327
0,1,0,0,0,0,4,2,0,0,1,0,0,1,1,0,0,0,3,0,1.869424,73,348
0,0,0,1,0,0,2,2,2,0,1,1,1,0,0,0,0,3,0,0,1.563648,74,300
1,0,0,0,0,0,0,2,2,2,0,0,1,1,1,0,0,0,0,3,1.863965,75,361
0,0,0,1,0,0,4,2,0,0,1,1,0,0,1,0,3,0,0,0,1.516809,76,320
0,0,0,0,1,0,2,0,2,2,1,0,1,0,1,0,0,0,3,0,1.293314,77,382
0,0,0,0,1,0,2,0,2,2,0,1,1,1,0,0,0,0,0,3,1.327989,78,355
0,0,0,0,1,0,2,2,0,2,2,0,1,0,0,3,0,0,0,0,1.514266,80,311
0,0,1,0,0,0,4,0,2,0,0,1,2,0,0,0,0,0,0,3,1.403315,82,343
0,0,0,1,0,0,2,0,2,2,1,1,0,1,0,0,0,0,0,3,1.590873,83,268
0,0,0,1,0,0,4,0,2,0,1,0,0,2,0,0,0,0,3,0,1.568938,85,280
0,0,0,1,0,0,0,2,0,4,1,2,0,0,0,0,0,3,0,0,1.669364,87,298
0,1,0,0,0,0,4,0,0,2,0,1,0,2,0,0,0,3,0,0,1.987175,88,366
0,0,0,1,0,2,0,2,2,0,1,0,0,1,1,0,0,0,0,3,1.374752,90,333
0,1,0,0,0,0,0,4,0,2,0,1,2,0,0,0,0,3,0,0,1.950052,92,338
0,0,0,1,0,2,0,0,0,4,1,1,0,1,0,0,0,3,0,0,1.575967,97,364
1,0,0,0,0,0,2,2,2,0,1,0,0,2,0,3,0,0,0,0,1.866609,98,349
0,0,0,0,1,0,0,2,2,2,1,2,0,0,0,0,0,3,0,0,1.362022,99,347
0,0,1,0,0,0,4,2,0,0,0,2,0,1,0,0,3,0,0,0,1.320496,100,342
0,0,0,1,0,2,2,0,0,2,2,0,1,0,0,0,0,3,0,0,1.653540,101,29
0,0,0,1,0,2,2,2,0,0,0,0,0,1,2,0,0,0,3,0,1.344098,102,26
0,0,0,1,0,0,4,0,2,0,0,2,0,0,1,0,0,0,0,3,1.500702,105,15
0,0,0,1,0,0,4,0,2,0,0,1,0,1,1,0,0,3,0,0,1.416583,106,11
0,0,0,1,0,2,2,0,2,0,0,0,3,0,0,0,3,0,0,0,1.572116,107,9
0,0,0,0,1,2,4,0,0,0,0,0,1,2,0,0,0,3,0,0,1.257004,108,20
0,0,0,1,0,2,2,0,0,2,0,1,0,1,1,0,0,3,0,0,1.421602,109,10
1,0,0,0,0,0,0,2,0,4,1,1,0,1,0,0,3,0,0,0,2.147300,110,16
0,0,0,0,1,0,2,2,2,0,1,0,0,0,2,0,0,0,3,0,1.107443,111,47
0,0,0,1,0,4,0,0,2,0,0,1,0,1,1,0,0,3,0,0,1.161041,113,69
0,1,0,0,0,2,0,0,2,2,2,0,1,0,0,0,0,0,3,0,2.020674,114,36
0,0,0,1,0,2,0,0,4,0,0,1,1,1,0,3,0,0,0,0,1.363325,115,25
0,0,0,1,0,2,4,0,0,0,0,1,1,0,1,0,0,3,0,0,1.426289,116,50
0,0,0,1,0,0,4,2,0,0,2,0,1,0,0,0,0,0,0,3,1.600607,117,12
0,0,0,1,0,0,2,0,0,4,0,0,0,3,0,0,0,0,3,0,1.586379,119,13
0,0,1,0,0,0,0,0,6,0,1,1,0,0,1,0,3,0,0,0,1.398007,120,17
0,1,0,0,0,0,0,2,0,4,0,0,2,1,0,0,0,0,3,0,2.081234,122,19
1,0,0,0,0,0,4,0,2,0,1,0,1,1,0,0,3,0,0,0,1.924818,123,46
1,0,0,0,0,0,0,2,0,4,0,0,0,1,2,3,0,0,0,0,2.039868,124,14
1,0,0,0,0,4,2,0,0,0,0,2,0,1,0,0,3,0,0,0,1.601644,125,31
1,0,0,0,0,0,0,0,2,4,1,0,2,0,0,3,0,0,0,0,2.215228,127,51
0,1,0,0,0,0,2,0,2,2,2,1,0,0,0,0,0,0,0,3,2.084890,130,62
0,0,0,1,0,0,0,4,2,0,0,0,2,1,0,0,0,0,3,0,1.371913,131,18
1,0,0,0,0,4,0,0,2,0,2,0,1,0,0,0,0,0,0,3,1.656147,133,39
0,0,1,0,0,0,4,0,2,0,1,1,1,0,0,3,0,0,0,0,1.391446,134,22
0,0,1,0,0,0,4,0,2,0,1,0,0,1,1,0,0,0,0,3,1.398696,135,37
1,0,0,0,0,0,4,0,0,2,1,1,1,0,0,0,0,0,3,0,1.997164,136,67
0,0,1,0,0,2,2,2,0,0,0,1,0,2,0,0,3,0,0,0,1.195486,138,21
0,0,0,1,0,0,0,2,4,0,2,0,1,0,0,0,0,0,0,3,1.596489,139,24
0,0,1,0,0,2,0,2,2,0,2,0,1,0,0,0,0,0,0,3,1.130711,142,28
0,0,0,1,0,4,0,2,0,0,1,0,0,1,1,0,3,0,0,0,1.267128,143,81
0,0,0,0,1,2,4,0,0,0,0,1,1,1,0,0,3,0,0,0,1.227676,144,30
0,0,0,1,0,0,2,2,0,2,1,0,0,1,1,0,3,0,0,0,1.492970,146,23
0,0,0,0,1,2,2,0,2,0,1,0,0,2,0,0,3,0,0,0,1.089050,147,33
0,0,0,0,1,0,2,0,2,2,2,0,0,0,1,3,0,0,0,0,1.229105,150,78
1,0,0,0,0,2,0,2,2,0,2,0,0,1,0,0,3,0,0,0,1.656734,151,27
0,0,0,0,1,0,2,0,2,2,1,1,1,0,0,0,3,0,0,0,1.410586,152,35
0,0,0,1,0,4,0,0,0,2,0,1,1,0,1,3,0,0,0,0,1.305121,153,86
0,0,1,0,0,6,0,0,0,0,2,0,1,0,0,0,3,0,0,0,0.944131,154,74
0,0,0,0,1,2,2,0,2,0,1,0,0,0,2,0,0,0,3,0,1.009679,155,95
0,0,0,0,1,0,0,0,6,0,0,0,2,1,0,3,0,0,0,0,1.184902,156,52
0,0,0,1,0,0,2,2,0,2,0,0,0,2,1,0,3,0,0,0,1.454553,157,49
0,0,0,1,0,0,4,0,2,0,0,0,1,1,1,3,0,0,0,0,1.460495,158,32
0,1,0,0,0,0,2,0,0,4,0,1,0,1,1,0,0,0,0,3,1.996119,159,55
1,0,0,0,0,0,2,4,0,0,0,1,1,0,1,0,0,0,0,3,1.726481,160,41
0,1,0,0,0,0,0,6,0,0,0,0,0,1,2,0,3,0,0,0,1.630461,161,38
0,0,0,0,1,2,0,2,2,0,0,0,2,1,0,0,0,0,0,3,1.202205,162,34
0,0,0,0,1,2,2,0,2,0,0,1,0,0,2,0,0,0,0,3,1.077132,163,40
0,0,1,0,0,0,0,0,2,4,0,0,1,0,2,3,0,0,0,0,1.624212,165,64
0,0,0,0,1,2,2,0,2,0,0,1,0,1,1,0,0,3,0,0,1.080921,167,42
0,0,0,0,1,0,0,2,0,4,0,2,0,0,1,0,0,0,3,0,1.337154,169,44
0,0,0,0,1,0,0,4,0,2,0,1,1,0,1,0,3,0,0,0,1.099624,170,57
0,1,0,0,0,4,0,2,0,0,1,0,1,1,0,0,0,0,3,0,1.603149,171,54
0,0,1,0,0,0,0,0,4,2,0,3,0,0,0,0,0,3,0,0,1.618647,172,48
1,0,0,0,0,0,0,0,4,2,0,2,0,0,1,3,0,0,0,0,2.027472,174,43
0,1,0,0,0,0,2,0,4,0,0,1,0,1,1,0,0,3,0,0,1.845276,175,59
0,0,0,1,0,0,0,0,2,4,1,1,0,1,0,0,3,0,0,0,1.594715,176,45
1,0,0,0,0,0,4,0,2,0,0,2,0,0,1,0,3,0,0,0,1.931817,177,63
0,0,0,0,1,0,2,2,2,0,1,1,1,0,0,0,0,0,0,3,1.302593,178,5
1,0,0,0,0,0,2,2,2,0,1,1,0,0,1,0,0,3,0,0,1.842754,179,60
0,0,0,0,1,0,2,0,0,4,1,1,1,0,0,0,0,3,0,0,1.561678,180,56
1,0,0,0,0,0,4,2,0,0,0,0,2,1,0,0,0,3,0,0,1.787374,182,80
0,0,1,0,0,2,2,0,2,0,0,1,1,0,1,0,0,0,3,0,1.257906,183,53
0,0,1,0,0,2,0,2,0,2,0,0,1,2,0,3,0,0,0,0,1.294936,184,58
0,0,0,1,0,0,6,0,0,0,1,1,1,0,0,0,0,0,3,0,1.660657,185,73
0,0,0,0,1,4,0,2,0,0,0,0,0,1,2,0,0,0,0,3,1.041467,186,61
0,0,0,1,0,2,0,2,0,2,1,1,0,0,1,0,3,0,0,0,1.403189,188,93
1,0,0,0,0,2,2,2,0,0,0,0,2,1,0,0,0,0,3,0,1.650745,189,82
0,1,0,0,0,0,4,0,2,0,0,0,0,2,1,3,0,0,0,0,1.821955,191,87
0,0,0,1,0,2,2,2,0,0,0,0,1,1,1,0,0,0,0,3,1.365632,192,85
0,1,0,0,0,2,2,0,2,0,0,2,1,0,0,3,0,0,0,0,1.801101,193,113
0,0,1,0,0,0,4,0,2,0,0,0,3,0,0,0,0,0,3,0,1.475150,194,66
0,0,0,0,1,2,0,2,0,2,1,1,1,0,0,3,0,0,0,0,1.254716,195,1
1,0,0,0,0,6,0,0,0,0,1,1,0,0,1,0,0,3,0,0,1.527285,196,71
0,0,1,0,0,0,2,0,4,0,1,0,1,0,1,0,0,0,0,3,1.416357,198,3
1,0,0,0,0,0,2,4,0,0,1,1,0,0,1,0,0,3,0,0,1.763740,200,70
0,1,0,0,0,2,4,0,0,0,0,1,0,1,1,3,0,0,0,0,1.715683,201,127
0,0,1,0,0,0,0,2,0,4,2,0,1,0,0,3,0,0,0,0,1.660057,202,72
0,1,0,0,0,0,0,4,0,2,0,0,0,2,1,3,0,0,0,0,1.863858,203,68
0,0,0,0,1,2,2,0,2,0,1,0,0,1,1,3,0,0,0,0,1.121256,204,79
0,1,0,0,0,0,2,0,2,2,1,0,1,1,0,3,0,0,0,0,2.039689,206,115
0,0,1,0,0,0,0,2,0,4,2,0,1,0,0,0,0,0,3,0,1.666998,207,65
0,0,1,0,0,4,0,0,2,0,0,1,0,0,2,3,0,0,0,0,1.101214,208,77
0,0,1,0,0,0,2,2,0,2,1,0,1,1,0,3,0,0,0,0,1.452119,209,76
0,1,0,0,0,4,0,0,0,2,1,0,1,0,1,0,0,0,0,3,1.702287,211,126
0,1,0,0,0,2,2,2,0,0,0,0,1,0,2,0,3,0,0,0,1.570806,212,96
0,0,0,0,1,0,4,0,2,0,0,0,1,1,1,0,0,3,0,0,1.212932,214,84
0,0,1,0,0,2,0,0,4,0,0,1,2,0,0,0,3,0,0,0,1.270542,216,75
0,0,1,0,0,0,2,2,0,2,0,2,0,0,1,0,0,0,3,0,1.526522,218,90
0,0,1,0,0,0,0,2,2,2,1,2,0,0,0,0,0,0,0,3,1.519208,219,92
0,0,0,0,1,2,0,2,0,2,0,0,1,2,0,0,0,3,0,0,1.139528,220,112
0,1,0,0,0,0,2,2,2,0,1,0,0,2,0,0,0,3,0,0,1.909993,221,88
0,0,0,1,0,0,0,4,2,0,1,0,0,2,0,0,0,3,0,0,1.348280,222,83
0,0,1,0,0,0,2,0,0,4,0,1,0,1,1,0,0,0,3,0,1.628948,223,91
1,0,0,0,0,0,0,0,4,2,0,0,2,1,0,0,3,0,0,0,2.057384,224,98
1,0,0,0,0,0,4,0,2,0,0,0,1,2,0,0,3,0,0,0,1.911469,225,102
0,0,0,0,1,2,0,4,0,0,0,1,0,2,0,0,0,3,0,0,1.030840,227,103
1,0,0,0,0,2,0,0,2,2,0,1,0,1,1,3,0,0,0,0,1.831219,228,89
0,0,0,0,1,2,0,2,0,2,0,0,0,2,1,0,0,0,3,0,1.112309,229,97
0,1,0,0,0,0,0,2,0,4,0,0,0,2,1,0,3,0,0,0,2.006579,230,109
0,0,1,0,0,0,2,2,2,0,0,1,1,0,1,0,0,3,0,0,1.287736,231,99
0,0,1,0,0,2,2,0,2,0,1,2,0,0,0,0,0,3,0,0,1.205356,232,105
0,0,0,1,0,0,2,2,0,2,1,0,1,1,0,0,0,0,0,3,1.604291,234,100
0,0,0,0,1,0,4,0,2,0,0,0,2,0,1,0,3,0,0,0,1.119264,235,151
0,0,0,1,0,0,0,2,0,4,0,0,1,1,1,0,0,3,0,0,1.517588,238,104
1,0,0,0,0,0,0,2,2,2,1,2,0,0,0,0,3,0,0,0,2.024514,239,94
0,1,0,0,0,0,2,2,0,2,0,0,2,1,0,0,0,0,0,3,1.943442,240,111
0,0,0,0,1,2,0,0,2,2,1,1,0,0,1,0,0,0,0,3,1.205146,241,110
0,0,0,0,1,2,2,2,0,0,0,1,2,0,0,3,0,0,0,0,1.308718,242,101
0,0,0,1,0,2,2,0,0,2,1,0,1,0,1,0,0,0,0,3,1.545733,243,108
0,1,0,0,0,0,2,2,0,2,0,2,0,0,1,3,0,0,0,0,1.943903,245,117
0,0,1,0,0,0,4,0,0,2,0,0,0,0,3,0,3,0,0,0,1.455412,246,106
1,0,0,0,0,0,2,2,0,2,0,3,0,0,0,0,0,0,3,0,1.946490,247,2
0,1,0,0,0,0,4,0,2,0,0,0,1,1,1,0,0,3,0,0,1.801314,248,114
0,0,0,1,0,0,2,2,0,2,1,0,0,2,0,0,3,0,0,0,1.534919,252,116
0,0,0,0,1,2,0,0,2,2,0,1,1,0,1,0,3,0,0,0,1.149754,254,148
0,0,0,1,0,0,0,4,2,0,0,0,1,1,1,0,3,0,0,0,1.238611,255,107
0,1,0,0,0,2,4,0,0,0,0,2,0,0,1,0,3,0,0,0,1.675272,259,212
0,1,0,0,0,2,0,0,2,2,1,0,1,1,0,0,3,0,0,0,1.859440,260,204
1,0,0,0,0,2,2,2,0,0,0,0,1,1,1,3,0,0,0,0,1.621653,261,120
0,1,0,0,0,2,2,2,0,0,0,1,0,1,1,0,3,0,0,0,1.679147,262,160
0,0,0,1,0,0,2,2,0,2,0,1,1,1,0,0,0,0,0,3,1.576442,263,119
0,0,0,1,0,0,0,0,6,0,1,0,1,0,1,0,3,0,0,0,1.411117,264,132
0,0,1,0,0,2,2,0,0,2,0,1,0,2,0,0,0,3,0,0,1.371019,268,157
0,0,0,1,0,4,0,0,2,0,0,0,0,1,2,3,0,0,0,0,1.115689,269,164
0,0,0,1,0,0,0,2,2,2,2,0,0,0,1,0,0,0,3,0,1.461987,270,124
0,0,0,0,1,0,0,2,2,2,0,0,1,2,0,0,3,0,0,0,1.242750,271,121
0,0,0,0,1,0,6,0,0,0,0,0,1,1,1,0,3,0,0,0,1.215071,273,173
0,1,0,0,0,2,0,2,2,0,0,1,0,2,0,0,0,3,0,0,1.773203,276,130
0,0,1,0,0,2,2,2,0,0,1,0,1,1,0,3,0,0,0,0,1.182397,277,6
1,0,0,0,0,0,4,0,2,0,2,0,1,0,0,0,0,0,0,3,1.928406,279,181
0,0,1,0,0,0,0,2,2,2,2,0,1,0,0,0,0,3,0,0,1.570259,280,131
0,1,0,0,0,0,0,4,0,2,0,3,0,0,0,0,3,0,0,0,1.961998,281,122
0,0,0,0,1,0,4,0,0,2,1,1,0,1,0,0,0,0,3,0,1.399291,282,133
0,0,0,1,0,0,0,4,2,0,0,1,1,1,0,0,0,0,0,3,1.398205,283,168
0,0,0,0,1,4,0,0,0,2,1,1,0,0,1,0,3,0,0,0,1.051564,284,123
1,0,0,0,0,2,2,0,0,2,0,1,0,1,1,3,0,0,0,0,1.885084,285,156
0,0,0,1,0,2,0,0,0,4,2,0,1,0,0,0,0,0,0,3,1.709820,286,161
0,0,0,1,0,6,0,0,0,0,0,2,1,0,0,0,0,0,3,0,1.289916,289,201
0,0,1,0,0,2,0,0,2,2,0,1,2,0,0,3,0,0,0,0,1.336548,290,213
1,0,0,0,0,4,0,2,0,0,1,0,0,1,1,3,0,0,0,0,1.599206,291,138
0,0,0,0,1,0,0,2,2,2,0,0,0,2,1,3,0,0,0,0,1.099360,292,139
1,0,0,0,0,0,0,2,0,4,2,0,1,0,0,0,0,3,0,0,2.125729,293,176
0,0,0,1,0,0,0,0,2,4,0,0,1,1,1,0,0,3,0,0,1.529015,294,129
0,0,0,0,1,0,2,0,4,0,2,0,0,1,0,0,3,0,0,0,1.221241,297,195
1,0,0,0,0,2,0,0,2,2,1,0,0,0,2,3,0,0,0,0,1.883124,299,142
0,0,0,0,1,0,2,0,2,2,2,0,0,1,0,3,0,0,0,0,1.312201,300,145
1,0,0,0,0,0,2,2,0,2,0,0,1,2,0,0,0,3,0,0,1.983545,301,141
0,0,0,1,0,2,0,0,0,4,1,1,0,1,0,0,0,0,0,3,1.635545,302,159
0,0,0,1,0,2,0,0,4,0,0,1,1,1,0,0,3,0,0,0,1.347824,303,167
0,0,0,0,1,0,0,4,2,0,0,2,1,0,0,0,0,0,3,0,1.060053,304,174
0,0,0,1,0,0,2,0,4,0,0,0,1,0,2,0,0,0,0,3,1.413551,305,135
0,0,0,1,0,0,4,2,0,0,0,1,0,1,1,0,3,0,0,0,1.443740,307,125
0,0,0,0,1,2,2,0,0,2,1,1,0,0,1,0,0,3,0,0,1.228713,308,149
0,1,0,0,0,0,2,2,2,0,3,0,0,0,0,0,0,0,0,3,1.873951,311,134
1,0,0,0,0,0,4,0,2,0,0,1,2,0,0,3,0,0,0,0,1.898661,313,153
1,0,0,0,0,2,0,4,0,0,0,0,0,2,1,0,0,3,0,0,1.567307,314,137
1,0,0,0,0,0,4,0,0,2,0,0,2,1,0,0,3,0,0,0,1.910971,315,162
0,0,0,1,0,2,0,0,2,2,0,0,0,2,1,0,0,3,0,0,1.340739,316,128
0,0,1,0,0,0,4,0,0,2,2,0,0,1,0,0,0,3,0,0,1.575789,317,150
0,0,0,1,0,2,2,0,0,2,1,0,1,1,0,0,0,0,0,3,1.555242,319,140
0,0,0,0,1,2,2,0,2,0,0,0,1,1,1,0,3,0,0,0,1.119008,321,189
0,0,0,1,0,4,0,2,0,0,0,1,0,1,1,3,0,0,0,0,1.276137,322,219
0,0,0,0,1,2,0,2,2,0,1,0,1,0,1,0,0,0,0,3,1.042300,323,229
0,0,0,1,0,0,2,2,0,2,1,0,1,1,0,0,0,0,3,0,1.634382,324,209
0,0,0,1,0,0,2,4,0,0,1,0,1,1,0,0,0,0,3,0,1.466846,325,163
0,1,0,0,0,0,2,2,0,2,0,1,0,1,1,3,0,0,0,0,1.895906,327,155
0,0,0,0,1,0,2,2,0,2,1,0,2,0,0,0,0,0,3,0,1.472998,328,165
0,0,0,1,0,0,2,0,2,2,1,1,0,0,1,0,0,3,0,0,1.523232,329,154
0,0,0,0,1,0,4,0,2,0,0,2,1,0,0,3,0,0,0,0,1.330349,330,257
0,0,0,0,1,2,2,0,2,0,1,1,0,1,0,0,0,0,0,3,1.137833,331,192
0,1,0,0,0,4,2,0,0,0,2,1,0,0,0,3,0,0,0,0,1.745008,333,222
1,0,0,0,0,0,2,0,4,0,0,0,0,3,0,3,0,0,0,0,1.955717,335,177
0,1,0,0,0,2,2,0,2,0,0,0,0,1,2,3,0,0,0,0,1.670591,337,175
0,0,0,0,1,2,0,0,4,0,0,0,0,1,2,0,0,0,0,3,0.997554,338,197
0,0,1,0,0,0,0,4,0,2,0,0,0,2,1,0,0,3,0,0,1.416574,340,158
0,0,1,0,0,0,2,0,0,4,0,1,0,1,1,0,0,0,3,0,1.677321,341,169
0,0,1,0,0,2,0,0,2,2,0,0,0,1,2,3,0,0,0,0,1.320241,342,172
0,0,0,0,1,0,2,0,2,2,0,1,0,1,1,0,0,0,0,3,1.245661,344,194
0,0,1,0,0,2,2,2,0,0,0,0,0,1,2,0,0,0,0,3,1.299013,345,196
0,0,0,0,1,0,2,0,2,2,1,0,1,1,0,0,0,3,0,0,1.433046,346,182
1,0,0,0,0,4,0,2,0,0,0,2,0,1,0,0,0,0,3,0,1.582483,347,170
0,1,0,0,0,2,0,4,0,0,0,1,0,0,2,0,3,0,0,0,1.650110,348,187
0,0,0,0,1,2,0,0,0,4,1,2,0,0,0,0,3,0,0,0,1.297696,349,171
0,1,0,0,0,0,0,2,2,2,0,2,0,0,1,0,3,0,0,0,1.973982,350,186
0,1,0,0,0,0,0,2,2,2,2,1,0,0,0,3,0,0,0,0,2.066002,351,193
0,1,0,0,0,2,0,0,2,2,0,1,0,1,1,0,0,3,0,0,1.804248,352,206
0,0,0,0,1,2,0,4,0,0,0,1,1,0,1,0,0,0,0,3,1.038144,353,191
0,0,0,0,1,0,2,2,2,0,0,3,0,0,0,0,3,0,0,0,1.246418,357,7
0,0,0,1,0,0,4,0,0,2,2,0,0,1,0,0,0,3,0,0,1.671496,358,8
0,1,0,0,0,2,0,0,0,4,1,0,1,1,0,0,0,3,0,0,2.058754,360,178
1,0,0,0,0,0,2,0,4,0,1,0,0,1,1,0,0,3,0,0,1.911243,362,199
0,1,0,0,0,0,0,2,0,4,1,1,0,0,1,3,0,0,0,0,2.083917,363,208
0,0,1,0,0,0,0,4,0,2,0,1,0,2,0,3,0,0,0,0,1.397371,364,179
1,0,0,0,0,4,0,0,0,2,0,0,0,1,2,3,0,0,0,0,1.714667,365,190
0,1,0,0,0,2,0,2,0,2,0,0,0,1,2,3,0,0,0,0,1.793543,366,180
1,0,0,0,0,2,2,0,0,2,0,1,0,0,2,0,0,0,3,0,1.862835,367,202
0,0,1,0,0,0,2,2,0,2,0,1,0,1,1,0,0,3,0,0,1.454760,369,183
0,0,0,0,1,0,0,2,4,0,1,1,0,1,0,3,0,0,0,0,1.172810,370,200
0,0,0,0,1,2,0,2,2,0,1,0,2,0,0,3,0,0,0,0,1.262939,371,356
0,0,0,1,0,4,2,0,0,0,0,2,0,1,0,0,3,0,0,0,1.327235,372,242
0,0,0,0,1,0,4,0,2,0,1,0,1,1,0,0,0,0,3,0,1.293167,373,214
0,0,1,0,0,0,0,0,4,2,0,1,0,1,1,0,0,0,0,3,1.555570,374,224
1,0,0,0,0,0,4,0,0,2,1,1,0,0,1,3,0,0,0,0,2.051158,375,233
0,1,0,0,0,0,2,2,0,2,0,0,0,0,3,0,0,0,0,3,1.815579,377,253
0,1,0,0,0,2,2,2,0,0,0,0,0,1,2,3,0,0,0,0,1.642365,378,308
0,0,1,0,0,0,2,2,2,0,0,1,1,1,0,0,0,0,3,0,1.291339,379,360
0,0,0,1,0,0,0,2,2,2,1,0,1,0,1,0,0,3,0,0,1.507561,381,4
0,1,0,0,0,2,0,0,0,4,0,2,0,1,0,0,3,0,0,0,2.017128,382,218
0,0,1,0,0,0,4,2,0,0,0,2,1,0,0,3,0,0,0,0,1.386029,383,210
0,0,0,0,1,0,2,2,2,0,0,0,2,1,0,3,0,0,0,0,1.258233,385,371
0,1,0,0,0,2,2,2,0,0,1,0,0,1,1,3,0,0,0,0,1.662533,386,238
1,0,0,0,0,4,0,0,2,0,1,0,0,2,0,0,3,0,0,0,1.668311,387,243
0,0,0,0,1,0,0,0,4,2,0,0,1,2,0,0,0,0,0,3,1.261938,388,215
0,0,0,0,1,0,2,2,0,2,1,0,0,0,2,0,0,3,0,0,1.224335,390,239
0,0,0,1,0,4,0,2,0,0,0,0,1,2,0,0,0,3,0,0,1.318150,391,211
0,1,0,0,0,0,2,2,2,0,0,0,0,2,1,0,0,3,0,0,1.786154,394,255
0,1,0,0,0,0,2,0,2,2,1,1,0,0,1,0,0,0,0,3,2.013893,395,231
0,0,0,0,1,0,2,2,2,0,0,2,0,0,1,0,0,3,0,0,1.116383,396,256
0,1,0,0,0,2,0,2,0,2,2,0,0,0,1,0,0,0,0,3,1.779273,397,235
0,1,0,0,0,2,2,0,0,2,0,1,1,1,0,0,0,0,3,0,1.843071,398,367
0,0,0,0,1,2,0,2,0,2,0,1,1,0,1,3,0,0,0,0,1.096696,399,234
0,0,0,1,0,2,0,2,2,0,1,1,0,1,0,0,3,0,0,0,1.307819,401,354
0,0,0,1,0,0,0,0,2,4,0,1,1,0,1,3,0,0,0,0,1.545847,402,244
0,0,1,0,0,2,0,0,2,2,1,1,0,0,1,0,3,0,0,0,1.445667,403,230
0,0,0,1,0,2,0,2,2,0,1,2,0,0,0,0,0,0,3,0,1.395846,404,198
0,0,0,1,0,0,2,2,2,0,0,1,0,0,2,0,0,0,0,3,1.385545,406,246
0,0,0,1,0,0,2,2,0,2,0,0,2,1,0,0,3,0,0,0,1.608069,407,217
0,0,0,0,1,4,0,2,0,0,1,0,1,1,0,0,0,0,0,3,1.174637,408,245
0,1,0,0,0,0,0,2,0,4,2,0,1,0,0,1,0,2,0,0,2.100598,409,352
0,0,0,0,1,2,2,2,0,0,1,1,0,0,1,0,3,0,0,0,1.159704,410,302
0,0,0,1,0,0,0,0,4,2,1,0,2,0,0,0,3,0,0,0,1.691765,411,220
0,1,0,0,0,4,0,2,0,0,2,0,0,1,0,0,0,3,0,0,1.572925,412,323
0,0,0,1,0,2,2,0,0,2,0,1,0,0,2,0,0,3,0,0,1.396212,414,228
0,0,0,1,0,2,2,0,0,2,0,1,1,0,1,3,0,0,0,0,1.426957,415,226
0,0,0,0,1,4,0,0,0,2,1,1,1,0,0,0,0,0,0,3,1.285688,416,227
0,0,0,0,1,2,0,4,0,0,0,0,2,1,0,3,0,0,0,0,1.087870,418,340
1,0,0,0,0,2,2,0,0,2,1,1,1,0,0,3,0,0,0,0,1.866594,419,383
0,1,0,0,0,0,0,0,0,6,1,0,0,2,0,0,0,0,3,0,2.219264,420,232
0,0,0,1,0,2,2,0,2,0,0,1,0,0,2,0,0,3,0,0,1.269395,422,351
0,0,1,0,0,0,2,0,0,4,0,2,0,1,0,3,0,0,0,0,1.712354,424,237
0,0,0,1,0,0,2,4,0,0,2,0,0,0,1,0,0,0,3,0,1.452306,425,267
0,0,1,0,0,0,2,0,0,4,0,0,0,2,1,0,0,0,3,0,1.684787,426,248
0,0,0,1,0,0,0,0,4,2,0,0,1,1,1,0,0,0,3,0,1.426420,427,345
0,1,0,0,0,2,0,2,2,0,0,0,1,2,0,0,3,0,0,0,1.731215,428,254
0,1,0,0,0,0,0,2,2,2,0,1,1,0,1,0,0,3,0,0,1.983807,430,236
0,0,1,0,0,4,0,2,0,0,0,0,0,2,1,0,0,0,0,3,1.120576,431,252
1,0,0,0,0,2,0,2,0,2,1,2,0,0,0,0,0,0,0,3,1.846673,432,273
0,0,0,1,0,2,2,0,0,2,1,0,0,2,0,0,0,0,3,0,1.493718,433,378
1,0,0,0,0,2,2,2,0,0,1,0,1,1,0,0,0,0,0,3,1.716581,434,309
0,0,0,0,1,2,0,4,0,0,0,0,0,1,2,0,0,3,0,0,0.988046,435,290
0,0,1,0,0,0,2,0,2,2,0,1,2,0,0,0,0,3,0,0,1.589028,436,241
0,0,0,0,1,2,2,2,0,0,0,1,1,0,1,0,3,0,0,0,1.176417,437,240
0,0,1,0,0,2,0,0,4,0,1,1,1,0,0,0,0,0,0,3,1.300032,438,293
0,0,1,0,0,0,0,0,0,6,0,1,2,0,0,0,0,0,3,0,1.854274,439,350
0,0,1,0,0,0,0,4,0,2,0,0,1,1,1,3,0,0,0,0,1.325827,441,266
0,0,0,0,1,0,0,4,2,0,0,1,1,0,1,0,3,0,0,0,1.037956,444,335
1,0,0,0,0,2,0,2,0,2,0,1,0,1,1,0,0,0,0,3,1.703111,445,363
1,0,0,0,0,0,0,0,0,6,0,0,1,1,1,3,0,0,0,0,2.175195,447,310
0,0,0,0,1,6,0,0,0,0,0,0,1,2,0,0,0,0,0,3,1.123838,448,294
0,0,0,1,0,2,2,2,0,0,0,1,1,0,1,3,0,0,0,0,1.378116,450,250
0,0,0,1,0,0,0,2,0,4,1,1,0,1,0,0,3,0,0,0,1.634215,451,289
0,0,1,0,0,2,0,2,2,0,0,1,1,1,0,0,3,0,0,0,1.154596,452,249
1,0,0,0,0,0,0,4,0,2,0,0,1,1,1,0,0,3,0,0,1.807170,453,283
0,0,0,0,1,2,0,0,4,0,0,2,0,1,0,3,0,0,0,0,1.032533,454,264
0,0,0,0,1,2,2,2,0,0,1,0,0,1,1,0,0,0,0,3,1.121685,456,225
0,0,0,1,0,2,4,0,0,0,0,0,1,2,0,3,0,0,0,0,1.450391,457,152
0,0,0,0,1,0,0,0,2,4,1,0,0,2,0,0,3,0,0,0,1.249641,458,166
0,0,0,0,1,0,0,2,0,4,0,1,1,0,1,0,0,3,0,0,1.298132,460,262
1,0,0,0,0,2,0,0,4,0,1,0,1,0,1,0,0,0,0,3,1.857680,461,324
0,1,0,0,0,0,0,2,4,0,0,1,1,1,0,0,0,0,3,0,1.902020,462,322
1,0,0,0,0,0,2,2,0,2,1,1,0,0,1,0,0,0,0,3,2.005459,463,278
0,0,0,1,0,0,2,2,0,2,1,0,1,1,0,3,0,0,0,0,1.571787,464,286
1,0,0,0,0,2,2,0,2,0,0,0,1,1,1,0,0,0,3,0,1.750710,466,341
0,1,0,0,0,0,2,0,2,2,1,0,2,0,0,0,3,0,0,0,2.133256,467,296
0,0,0,1,0,0,2,0,2,2,0,2,0,0,1,0,0,3,0,0,1.494379,468,247
0,0,0,1,0,0,2,2,0,2,1,0,1,1,0,0,0,0,3,0,1.666329,469,329
0,0,0,0,1,2,0,0,2,2,1,0,0,0,2,3,0,0,0,0,1.071661,471,261
0,0,0,1,0,4,0,0,0,2,0,1,0,1,1,0,0,0,0,3,1.354507,472,312
0,0,0,1,0,0,2,4,0,0,2,1,0,0,0,0,0,3,0,0,1.454146,473,269
0,0,0,1,0,2,0,2,0,2,0,0,1,2,0,3,0,0,0,0,1.362227,475,265
0,0,0,0,1,2,0,0,0,4,1,0,1,1,0,0,0,0,3,0,1.332908,477,334
0,0,0,0,1,0,0,0,4,2,1,0,0,1,1,0,0,0,3,0,1.241032,478,317
0,0,0,0,1,2,0,2,0,2,0,0,1,0,2,0,3,0,0,0,1.090957,479,395
1,0,0,0,0,2,4,0,0,0,1,0,0,1,1,3,0,0,0,0,1.788297,481,344
0,0,0,0,1,0,2,2,0,2,1,0,0,1,1,3,0,0,0,0,1.171361,483,279
0,0,0,0,1,0,2,0,4,0,0,0,1,1,1,3,0,0,0,0,1.142419,484,285
0,0,0,1,0,0,4,0,2,0,1,1,0,0,1,0,3,0,0,0,1.568852,485,287
1,0,0,0,0,0,2,0,0,4,0,1,0,1,1,3,0,0,0,0,2.143709,487,260
0,1,0,0,0,2,2,0,2,0,1,1,0,1,0,3,0,0,0,0,1.831887,488,357
0,0,1,0,0,2,0,0,4,0,0,0,1,2,0,0,0,3,0,0,1.272370,489,281
0,1,0,0,0,0,4,0,2,0,0,2,0,0,1,3,0,0,0,0,1.855800,490,381
0,0,0,0,1,0,0,4,2,0,1,2,0,0,0,3,0,0,0,0,1.109037,492,368
0,0,0,1,0,0,2,0,4,0,1,0,0,0,2,0,0,0,0,3,1.476019,493,274
0,0,0,1,0,4,0,0,2,0,0,1,0,1,1,0,0,3,0,0,1.200773,494,328
0,0,0,1,0,0,2,0,4,0,0,0,0,2,1,3,0,0,0,0,1.374158,495,284
0,1,0,0,0,2,0,2,0,2,1,1,1,0,0,3,0,0,0,0,1.929155,496,326
0,0,0,1,0,2,2,0,2,0,0,0,2,0,1,0,0,0,0,3,1.479120,497,339
0,0,0,0,1,0,2,2,0,2,0,3,0,0,0,0,0,0,3,0,1.315311,498,291
0,1,0,0,0,0,0,0,2,4,2,0,1,0,0,0,0,3,0,0,2.313992,499,307
0,1,0,0,0,4,0,0,2,0,1,1,1,0,0,0,0,0,0,3,1.670645,500,369
0,1,0,0,0,2,2,0,2,0,0,0,1,1,1,0,0,0,3,0,1.711539,501,353
1,0,0,0,0,2,0,2,2,0,0,2,1,0,0,3,0,0,0,0,1.667679,502,301
0,0,0,1,0,2,2,0,0,2,1,1,0,1,0,0,0,0,0,3,1.513880,503,305
0,0,0,1,0,0,0,0,2,4,0,2,0,1,0,0,0,0,0,3,1.671653,504,325
0,0,1,0,0,2,2,0,2,0,0,2,0,1,0,0,0,3,0,0,1.237802,506,373
0,0,0,1,0,2,0,0,2,2,1,0,1,1,0,3,0,0,0,0,1.452423,508,374
1,0,0,0,0,2,0,0,4,0,0,1,0,1,1,0,0,0,3,0,1.794512,509,315
1,0,0,0,0,0,0,2,4,0,2,0,0,1,0,0,3,0,0,0,1.921119,510,299
0,0,0,1,0,2,2,0,2,0,0,1,2,0,0,3,0,0,0,0,1.497225,512,375
0,0,0,0,1,2,2,0,0,2,0,1,2,0,0,0,0,3,0,0,1.357726,513,318
1,0,0,0,0,0,2,0,2,2,1,1,0,1,0,3,0,0,0,0,2.083082,514,271
0,1,0,0,0,2,0,0,2,2,0,1,0,1,1,0,0,3,0,0,1.808653,515,370
1,0,0,0,0,2,2,0,0,2,2,0,1,0,0,0,0,3,0,0,1.900346,516,295
0,0,0,1,0,0,0,6,0,0,3,0,0,0,0,0,0,0,3,0,1.338602,517,270
0,0,0,0,1,0,2,0,4,0,0,0,1,1,1,3,0,0,0,0,1.142635,518,321
0,0,0,1,0,2,2,2,0,0,0,1,1,0,1,0,0,3,0,0,1.381008,522,276
0,0,0,1,0,4,0,0,0,2,1,0,2,0,0,0,0,0,3,0,1.577809,524,330
0,0,1,0,0,0,0,0,2,4,1,1,1,0,0,0,0,0,0,3,1.767982,525,303