Ag,Au,Cu,Pd,Pt,Active,Inactive,Blocked
1.0,0.0,0.0,0.0,0.0,0,10000,0
0.9,0.1,0.0,0.0,0.0,0,10000,0
0.9,0.0,0.1,0.0,0.0,0,10000,0
0.9,0.0,0.0,0.1,0.0,1025,8975,0
0.9,0.0,0.0,0.0,0.1,1007,8993,0
0.8,0.2,0.0,0.0,0.0,0,10000,0
0.8,0.1,0.1,0.0,0.0,0,10000,0
0.8,0.1,0.0,0.1,0.0,988,9012,0
0.8,0.1,0.0,0.0,0.1,967,9033,0
0.8,0.0,0.2,0.0,0.0,0,10000,0
0.8,0.0,0.1,0.1,0.0,979,9021,0
0.8,0.0,0.1,0.0,0.1,952,9048,0
0.8,0.0,0.0,0.2,0.0,1973,8027,0
0.8,0.0,0.0,0.1,0.1,2003,7997,0
0.8,0.0,0.0,0.0,0.2,1970,8030,0
0.7000000000000001,0.30000000000000004,0.0,0.0,0.0,0,10000,0
0.7000000000000001,0.2,0.1,0.0,0.0,0,10000,0
0.7000000000000001,0.2,0.0,0.1,0.0,970,9030,0
0.7000000000000001,0.2,0.0,0.0,0.1,979,9021,0
0.7000000000000001,0.1,0.2,0.0,0.0,0,10000,0
0.7000000000000001,0.1,0.1,0.1,0.0,954,9046,0
0.7000000000000001,0.1,0.1,0.0,0.1,989,9011,0
0.7000000000000001,0.1,0.0,0.2,0.0,1971,8029,0
0.7000000000000001,0.1,0.0,0.1,0.1,2007,7993,0
0.7000000000000001,0.1,0.0,0.0,0.2,2041,7959,0
0.7000000000000001,0.0,0.30000000000000004,0.0,0.0,0,10000,0
0.7000000000000001,0.0,0.2,0.1,0.0,956,9044,0
0.7000000000000001,0.0,0.2,0.0,0.1,1025,8975,0
0.7000000000000001,0.0,0.1,0.2,0.0,1982,8018,0
0.7000000000000001,0.0,0.1,0.1,0.1,2031,7969,0
0.7000000000000001,0.0,0.1,0.0,0.2,2030,7970,0
0.7000000000000001,0.0,0.0,0.30000000000000004,0.0,3000,7000,0
0.7000000000000001,0.0,0.0,0.2,0.1,2990,7010,0
0.7000000000000001,0.0,0.0,0.1,0.2,2983,7017,0
0.7000000000000001,0.0,0.0,0.0,0.30000000000000004,3010,6990,0
0.6000000000000001,0.4,0.0,0.0,0.0,0,10000,0
0.6000000000000001,0.30000000000000004,0.1,0.0,0.0,0,10000,0
0.6000000000000001,0.30000000000000004,0.0,0.1,0.0,967,9033,0
0.6000000000000001,0.30000000000000004,0.0,0.0,0.1,964,9036,0
0.6000000000000001,0.2,0.2,0.0,0.0,0,10000,0
0.6000000000000001,0.2,0.1,0.1,0.0,972,9028,0
0.6000000000000001,0.2,0.1,0.0,0.1,1006,8994,0
0.6000000000000001,0.2,0.0,0.2,0.0,1962,8038,0
0.6000000000000001,0.2,0.0,0.1,0.1,2014,7986,0
0.6000000000000001,0.2,0.0,0.0,0.2,2027,7973,0
0.6000000000000001,0.1,0.30000000000000004,0.0,0.0,0,10000,0
0.6000000000000001,0.1,0.2,0.1,0.0,920,9080,0
0.6000000000000001,0.1,0.2,0.0,0.1,938,9062,0
0.6000000000000001,0.1,0.1,0.2,0.0,1940,8060,0
0.6000000000000001,0.1,0.1,0.1,0.1,1995,8005,0
0.6000000000000001,0.1,0.1,0.0,0.2,2010,7990,0
0.6000000000000001,0.1,0.0,0.30000000000000004,0.0,2964,7036,0
0.6000000000000001,0.1,0.0,0.2,0.1,2946,7054,0
0.6000000000000001,0.1,0.0,0.1,0.2,3077,6923,0
0.6000000000000001,0.1,0.0,0.0,0.30000000000000004,2887,7113,0
0.6000000000000001,0.0,0.4,0.0,0.0,0,10000,0
0.6000000000000001,0.0,0.30000000000000004,0.1,0.0,940,9060,0
0.6000000000000001,0.0,0.30000000000000004,0.0,0.1,1024,8976,0
0.6000000000000001,0.0,0.2,0.2,0.0,1991,8009,0
0.6000000000000001,0.0,0.2,0.1,0.1,2010,7990,0
0.6000000000000001,0.0,0.2,0.0,0.2,1980,8020,0
0.6000000000000001,0.0,0.1,0.30000000000000004,0.0,2936,7064,0
0.6000000000000001,0.0,0.1,0.2,0.1,2951,7049,0
0.6000000000000001,0.0,0.1,0.1,0.2,2991,7009,0
0.6000000000000001,0.0,0.1,0.0,0.30000000000000004,2960,7040,0
0.6000000000000001,0.0,0.0,0.4,0.0,3929,6071,0
0.6000000000000001,0.0,0.0,0.30000000000000004,0.1,4018,5982,0
0.6000000000000001,0.0,0.0,0.2,0.2,4001,5999,0
0.6000000000000001,0.0,0.0,0.1,0.30000000000000004,3988,6012,0
0.6000000000000001,0.0,0.0,0.0,0.4,4060,5940,0
0.5,0.5,0.0,0.0,0.0,0,10000,0
0.5,0.4,0.1,0.0,0.0,0,10000,0
0.5,0.4,0.0,0.1,0.0,957,9043,0
0.5,0.4,0.0,0.0,0.1,1041,8959,0
0.5,0.30000000000000004,0.2,0.0,0.0,0,10000,0
0.5,0.30000000000000004,0.1,0.1,0.0,937,9063,0
0.5,0.30000000000000004,0.1,0.0,0.1,980,9020,0
0.5,0.30000000000000004,0.0,0.2,0.0,1827,8173,0
0.5,0.30000000000000004,0.0,0.1,0.1,1973,8027,0
0.5,0.30000000000000004,0.0,0.0,0.2,2037,7963,0
0.5,0.2,0.30000000000000004,0.0,0.0,0,10000,0
0.5,0.2,0.2,0.1,0.0,959,9041,0
0.5,0.2,0.2,0.0,0.1,949,9051,0
0.5,0.2,0.1,0.2,0.0,1964,8036,0
0.5,0.2,0.1,0.1,0.1,1986,8014,0
0.5,0.2,0.1,0.0,0.2,2010,7990,0
0.5,0.2,0.0,0.30000000000000004,0.0,2937,7063,0
0.5,0.2,0.0,0.2,0.1,2976,7024,0
0.5,0.2,0.0,0.1,0.2,2971,7029,0
0.5,0.2,0.0,0.0,0.30000000000000004,3090,6910,0
0.5,0.1,0.4,0.0,0.0,0,10000,0
0.5,0.1,0.30000000000000004,0.1,0.0,909,9091,0
0.5,0.1,0.30000000000000004,0.0,0.1,970,9030,0
0.5,0.1,0.2,0.2,0.0,1967,8033,0
0.5,0.1,0.2,0.1,0.1,1947,8053,0
0.5,0.1,0.2,0.0,0.2,2015,7985,0
0.5,0.1,0.1,0.30000000000000004,0.0,3012,6988,0
0.5,0.1,0.1,0.2,0.1,2991,7009,0
0.5,0.1,0.1,0.1,0.2,3085,6915,0
0.5,0.1,0.1,0.0,0.30000000000000004,2933,7067,0
0.5,0.1,0.0,0.4,0.0,3965,6035,0
0.5,0.1,0.0,0.30000000000000004,0.1,3968,6032,0
0.5,0.1,0.0,0.2,0.2,3971,6029,0
0.5,0.1,0.0,0.1,0.30000000000000004,4018,5982,0
0.5,0.1,0.0,0.0,0.4,3990,6010,0
0.5,0.0,0.5,0.0,0.0,0,10000,0
0.5,0.0,0.4,0.1,0.0,959,9041,0
0.5,0.0,0.4,0.0,0.1,1035,8965,0
0.5,0.0,0.30000000000000004,0.2,0.0,1980,8020,0
0.5,0.0,0.30000000000000004,0.1,0.1,1905,8095,0
0.5,0.0,0.30000000000000004,0.0,0.2,1961,8039,0
0.5,0.0,0.2,0.30000000000000004,0.0,2985,7015,0
0.5,0.0,0.2,0.2,0.1,2969,7031,0
0.5,0.0,0.2,0.1,0.2,2933,7067,0
0.5,0.0,0.2,0.0,0.30000000000000004,2985,7015,0
0.5,0.0,0.1,0.4,0.0,3886,6114,0
0.5,0.0,0.1,0.30000000000000004,0.1,3992,6008,0
0.5,0.0,0.1,0.2,0.2,4020,5980,0
0.5,0.0,0.1,0.1,0.30000000000000004,3932,6068,0
0.5,0.0,0.1,0.0,0.4,3983,6017,0
0.5,0.0,0.0,0.5,0.0,5032,4968,0
0.5,0.0,0.0,0.4,0.1,5045,4955,0
0.5,0.0,0.0,0.30000000000000004,0.2,4975,5025,0
0.5,0.0,0.0,0.2,0.30000000000000004,4957,5043,0
0.5,0.0,0.0,0.1,0.4,5009,4991,0
0.5,0.0,0.0,0.0,0.5,5058,4942,0
0.4,0.6000000000000001,0.0,0.0,0.0,0,10000,0
0.4,0.5,0.1,0.0,0.0,0,10000,0
0.4,0.5,0.0,0.1,0.0,815,9185,0
0.4,0.5,0.0,0.0,0.1,939,9061,0
0.4,0.4,0.2,0.0,0.0,0,10000,0
0.4,0.4,0.1,0.1,0.0,872,9128,0
0.4,0.4,0.1,0.0,0.1,975,9025,0
0.4,0.4,0.0,0.2,0.0,1755,8245,0
0.4,0.4,0.0,0.1,0.1,1911,8089,0
0.4,0.4,0.0,0.0,0.2,1975,8025,0
0.4,0.30000000000000004,0.30000000000000004,0.0,0.0,0,10000,0
0.4,0.30000000000000004,0.2,0.1,0.0,881,9119,0
0.4,0.30000000000000004,0.2,0.0,0.1,949,9051,0
0.4,0.30000000000000004,0.1,0.2,0.0,1832,8168,0
0.4,0.30000000000000004,0.1,0.1,0.1,1931,8069,0
0.4,0.30000000000000004,0.1,0.0,0.2,1962,8038,0
0.4,0.30000000000000004,0.0,0.30000000000000004,0.0,2899,7101,0
0.4,0.30000000000000004,0.0,0.2,0.1,2897,7103,0
0.4,0.30000000000000004,0.0,0.1,0.2,2945,7055,0
0.4,0.30000000000000004,0.0,0.0,0.30000000000000004,2972,7028,0
0.4,0.2,0.4,0.0,0.0,0,10000,0
0.4,0.2,0.30000000000000004,0.1,0.0,812,9188,0
0.4,0.2,0.30000000000000004,0.0,0.1,986,9014,0
0.4,0.2,0.2,0.2,0.0,1921,8079,0
0.4,0.2,0.2,0.1,0.1,1964,8036,0
0.4,0.2,0.2,0.0,0.2,1963,8037,0
0.4,0.2,0.1,0.30000000000000004,0.0,3002,6998,0
0.4,0.2,0.1,0.2,0.1,2938,7062,0
0.4,0.2,0.1,0.1,0.2,2999,7001,0
0.4,0.2,0.1,0.0,0.30000000000000004,2991,7009,0
0.4,0.2,0.0,0.4,0.0,3955,6045,0
0.4,0.2,0.0,0.30000000000000004,0.1,3973,6027,0
0.4,0.2,0.0,0.2,0.2,3994,6006,0
0.4,0.2,0.0,0.1,0.30000000000000004,3975,6025,0
0.4,0.2,0.0,0.0,0.4,4112,5888,0
0.4,0.1,0.5,0.0,0.0,0,10000,0
0.4,0.1,0.4,0.1,0.0,963,9037,0
0.4,0.1,0.4,0.0,0.1,978,9022,0
0.4,0.1,0.30000000000000004,0.2,0.0,1817,8183,0
0.4,0.1,0.30000000000000004,0.1,0.1,1985,8015,0
0.4,0.1,0.30000000000000004,0.0,0.2,2038,7962,0
0.4,0.1,0.2,0.30000000000000004,0.0,2904,7096,0
0.4,0.1,0.2,0.2,0.1,2961,7039,0
0.4,0.1,0.2,0.1,0.2,2925,7075,0
0.4,0.1,0.2,0.0,0.30000000000000004,3028,6972,0
0.4,0.1,0.1,0.4,0.0,3974,6026,0
0.4,0.1,0.1,0.30000000000000004,0.1,3938,6062,0
0.4,0.1,0.1,0.2,0.2,3951,6049,0
0.4,0.1,0.1,0.1,0.30000000000000004,3980,6020,0
0.4,0.1,0.1,0.0,0.4,3999,6001,0
0.4,0.1,0.0,0.5,0.0,5066,4934,0
0.4,0.1,0.0,0.4,0.1,5010,4990,0
0.4,0.1,0.0,0.30000000000000004,0.2,5069,4931,0
0.4,0.1,0.0,0.2,0.30000000000000004,5013,4987,0
0.4,0.1,0.0,0.1,0.4,5055,4945,0
0.4,0.1,0.0,0.0,0.5,5049,4951,0
0.4,0.0,0.6000000000000001,0.0,0.0,0,10000,0
0.4,0.0,0.5,0.1,0.0,964,9036,0
0.4,0.0,0.5,0.0,0.1,1049,8951,0
0.4,0.0,0.4,0.2,0.0,1917,8083,0
0.4,0.0,0.4,0.1,0.1,1922,8078,0
0.4,0.0,0.4,0.0,0.2,1949,8051,0
0.4,0.0,0.30000000000000004,0.30000000000000004,0.0,2858,7142,0
0.4,0.0,0.30000000000000004,0.2,0.1,2895,7105,0
0.4,0.0,0.30000000000000004,0.1,0.2,2901,7099,0
0.4,0.0,0.30000000000000004,0.0,0.30000000000000004,3047,6953,0
0.4,0.0,0.2,0.4,0.0,3956,6044,0
0.4,0.0,0.2,0.30000000000000004,0.1,3983,6017,0
0.4,0.0,0.2,0.2,0.2,3972,6028,0
0.4,0.0,0.2,0.1,0.30000000000000004,3944,6056,0
0.4,0.0,0.2,0.0,0.4,4103,5897,0
0.4,0.0,0.1,0.5,0.0,5025,4975,0
0.4,0.0,0.1,0.4,0.1,4956,5044,0
0.4,0.0,0.1,0.30000000000000004,0.2,4991,5009,0
0.4,0.0,0.1,0.2,0.30000000000000004,5092,4908,0
0.4,0.0,0.1,0.1,0.4,5041,4959,0
0.4,0.0,0.1,0.0,0.5,5047,4953,0
0.4,0.0,0.0,0.6000000000000001,0.0,6101,3899,0
0.4,0.0,0.0,0.5,0.1,6018,3982,0
0.4,0.0,0.0,0.4,0.2,5985,4015,0
0.4,0.0,0.0,0.30000000000000004,0.30000000000000004,5931,4069,0
0.4,0.0,0.0,0.2,0.4,5952,4048,0
0.4,0.0,0.0,0.1,0.5,6016,3984,0
0.4,0.0,0.0,0.0,0.6000000000000001,6037,3963,0
0.30000000000000004,0.7000000000000001,0.0,0.0,0.0,0,10000,0
0.30000000000000004,0.6000000000000001,0.1,0.0,0.0,0,10000,0
0.30000000000000004,0.6000000000000001,0.0,0.1,0.0,824,9176,0
0.30000000000000004,0.6000000000000001,0.0,0.0,0.1,1002,8998,0
0.30000000000000004,0.5,0.2,0.0,0.0,0,10000,0
0.30000000000000004,0.5,0.1,0.1,0.0,840,9160,0
0.30000000000000004,0.5,0.1,0.0,0.1,1024,8976,0
0.30000000000000004,0.5,0.0,0.2,0.0,1709,8291,0
0.30000000000000004,0.5,0.0,0.1,0.1,1945,8055,0
0.30000000000000004,0.5,0.0,0.0,0.2,2029,7971,0
0.30000000000000004,0.4,0.30000000000000004,0.0,0.0,0,10000,0
0.30000000000000004,0.4,0.2,0.1,0.0,826,9174,0
0.30000000000000004,0.4,0.2,0.0,0.1,995,9005,0
0.30000000000000004,0.4,0.1,0.2,0.0,1793,8207,0
0.30000000000000004,0.4,0.1,0.1,0.1,1824,8176,0
0.30000000000000004,0.4,0.1,0.0,0.2,2006,7994,0
0.30000000000000004,0.4,0.0,0.30000000000000004,0.0,2870,7130,0
0.30000000000000004,0.4,0.0,0.2,0.1,2856,7144,0
0.30000000000000004,0.4,0.0,0.1,0.2,2861,7139,0
0.30000000000000004,0.4,0.0,0.0,0.30000000000000004,3009,6991,0
0.30000000000000004,0.30000000000000004,0.4,0.0,0.0,0,10000,0
0.30000000000000004,0.30000000000000004,0.30000000000000004,0.1,0.0,783,9217,0
0.30000000000000004,0.30000000000000004,0.30000000000000004,0.0,0.1,1009,8991,0
0.30000000000000004,0.30000000000000004,0.2,0.2,0.0,1828,8172,0
0.30000000000000004,0.30000000000000004,0.2,0.1,0.1,1885,8115,0
0.30000000000000004,0.30000000000000004,0.2,0.0,0.2,1972,8028,0
0.30000000000000004,0.30000000000000004,0.1,0.30000000000000004,0.0,2882,7118,0
0.30000000000000004,0.30000000000000004,0.1,0.2,0.1,2902,7098,0
0.30000000000000004,0.30000000000000004,0.1,0.1,0.2,2954,7046,0
0.30000000000000004,0.30000000000000004,0.1,0.0,0.30000000000000004,3051,6949,0
0.30000000000000004,0.30000000000000004,0.0,0.4,0.0,3913,6087,0
0.30000000000000004,0.30000000000000004,0.0,0.30000000000000004,0.1,3991,6009,0
0.30000000000000004,0.30000000000000004,0.0,0.2,0.2,3888,6112,0
0.30000000000000004,0.30000000000000004,0.0,0.1,0.30000000000000004,4003,5997,0
0.30000000000000004,0.30000000000000004,0.0,0.0,0.4,3986,6014,0
0.30000000000000004,0.2,0.5,0.0,0.0,0,10000,0
0.30000000000000004,0.2,0.4,0.1,0.0,862,9138,0
0.30000000000000004,0.2,0.4,0.0,0.1,1029,8971,0
0.30000000000000004,0.2,0.30000000000000004,0.2,0.0,1776,8224,0
0.30000000000000004,0.2,0.30000000000000004,0.1,0.1,1877,8123,0
0.30000000000000004,0.2,0.30000000000000004,0.0,0.2,2018,7982,0
0.30000000000000004,0.2,0.2,0.30000000000000004,0.0,2776,7224,0
0.30000000000000004,0.2,0.2,0.2,0.1,2904,7096,0
0.30000000000000004,0.2,0.2,0.1,0.2,2872,7128,0
0.30000000000000004,0.2,0.2,0.0,0.30000000000000004,3060,6940,0
0.30000000000000004,0.2,0.1,0.4,0.0,3904,6096,0
0.30000000000000004,0.2,0.1,0.30000000000000004,0.1,3989,6011,0
0.30000000000000004,0.2,0.1,0.2,0.2,3919,6081,0
0.30000000000000004,0.2,0.1,0.1,0.30000000000000004,3973,6027,0
0.30000000000000004,0.2,0.1,0.0,0.4,4014,5986,0
0.30000000000000004,0.2,0.0,0.5,0.0,4960,5040,0
0.30000000000000004,0.2,0.0,0.4,0.1,4937,5063,0
0.30000000000000004,0.2,0.0,0.30000000000000004,0.2,5027,4973,0
0.30000000000000004,0.2,0.0,0.2,0.30000000000000004,4920,5080,0
0.30000000000000004,0.2,0.0,0.1,0.4,5003,4997,0
0.30000000000000004,0.2,0.0,0.0,0.5,4949,5051,0
0.30000000000000004,0.1,0.6000000000000001,0.0,0.0,0,10000,0
0.30000000000000004,0.1,0.5,0.1,0.0,890,9110,0
0.30000000000000004,0.1,0.5,0.0,0.1,1005,8995,0
0.30000000000000004,0.1,0.4,0.2,0.0,1782,8218,0
0.30000000000000004,0.1,0.4,0.1,0.1,1848,8152,0
0.30000000000000004,0.1,0.4,0.0,0.2,2040,7960,0
0.30000000000000004,0.1,0.30000000000000004,0.30000000000000004,0.0,2857,7143,0
0.30000000000000004,0.1,0.30000000000000004,0.2,0.1,2925,7075,0
0.30000000000000004,0.1,0.30000000000000004,0.1,0.2,2899,7101,0
0.30000000000000004,0.1,0.30000000000000004,0.0,0.30000000000000004,2999,7001,0
0.30000000000000004,0.1,0.2,0.4,0.0,3865,6135,0
0.30000000000000004,0.1,0.2,0.30000000000000004,0.1,3853,6147,0
0.30000000000000004,0.1,0.2,0.2,0.2,3839,6161,0
0.30000000000000004,0.1,0.2,0.1,0.30000000000000004,4052,5948,0
0.30000000000000004,0.1,0.2,0.0,0.4,3976,6024,0
0.30000000000000004,0.1,0.1,0.5,0.0,4998,5002,0
0.30000000000000004,0.1,0.1,0.4,0.1,4951,5049,0
0.30000000000000004,0.1,0.1,0.30000000000000004,0.2,5000,5000,0
0.30000000000000004,0.1,0.1,0.2,0.30000000000000004,5019,4981,0
0.30000000000000004,0.1,0.1,0.1,0.4,4967,5033,0
0.30000000000000004,0.1,0.1,0.0,0.5,5019,4981,0
0.30000000000000004,0.1,0.0,0.6000000000000001,0.0,6036,3964,0
0.30000000000000004,0.1,0.0,0.5,0.1,5993,4007,0
0.30000000000000004,0.1,0.0,0.4,0.2,6064,3936,0
0.30000000000000004,0.1,0.0,0.30000000000000004,0.30000000000000004,5982,4018,0
0.30000000000000004,0.1,0.0,0.2,0.4,5957,4043,0
0.30000000000000004,0.1,0.0,0.1,0.5,5922,4078,0
0.30000000000000004,0.1,0.0,0.0,0.6000000000000001,6014,3986,0
0.30000000000000004,0.0,0.7000000000000001,0.0,0.0,0,10000,0
0.30000000000000004,0.0,0.6000000000000001,0.1,0.0,889,9111,0
0.30000000000000004,0.0,0.6000000000000001,0.0,0.1,997,9003,0
0.30000000000000004,0.0,0.5,0.2,0.0,1701,8299,0
0.30000000000000004,0.0,0.5,0.1,0.1,1877,8123,0
0.30000000000000004,0.0,0.5,0.0,0.2,2093,7907,0
0.30000000000000004,0.0,0.4,0.30000000000000004,0.0,2774,7226,0
0.30000000000000004,0.0,0.4,0.2,0.1,2723,7277,0
0.30000000000000004,0.0,0.4,0.1,0.2,2904,7096,0
0.30000000000000004,0.0,0.4,0.0,0.30000000000000004,2969,7031,0
0.30000000000000004,0.0,0.30000000000000004,0.4,0.0,3816,6184,0
0.30000000000000004,0.0,0.30000000000000004,0.30000000000000004,0.1,3819,6181,0
0.30000000000000004,0.0,0.30000000000000004,0.2,0.2,3886,6114,0
0.30000000000000004,0.0,0.30000000000000004,0.1,0.30000000000000004,3890,6110,0
0.30000000000000004,0.0,0.30000000000000004,0.0,0.4,4032,5968,0
0.30000000000000004,0.0,0.2,0.5,0.0,4918,5082,0
0.30000000000000004,0.0,0.2,0.4,0.1,4931,5069,0
0.30000000000000004,0.0,0.2,0.30000000000000004,0.2,4886,5114,0
0.30000000000000004,0.0,0.2,0.2,0.30000000000000004,4846,5154,0
0.30000000000000004,0.0,0.2,0.1,0.4,4914,5086,0
0.30000000000000004,0.0,0.2,0.0,0.5,4962,5038,0
0.30000000000000004,0.0,0.1,0.6000000000000001,0.0,5938,4062,0
0.30000000000000004,0.0,0.1,0.5,0.1,5959,4041,0
0.30000000000000004,0.0,0.1,0.4,0.2,5991,4009,0
0.30000000000000004,0.0,0.1,0.30000000000000004,0.30000000000000004,5938,4062,0
0.30000000000000004,0.0,0.1,0.2,0.4,5963,4037,0
0.30000000000000004,0.0,0.1,0.1,0.5,6002,3998,0
0.30000000000000004,0.0,0.1,0.0,0.6000000000000001,5970,4030,0
0.30000000000000004,0.0,0.0,0.7000000000000001,0.0,7000,3000,0
0.30000000000000004,0.0,0.0,0.6000000000000001,0.1,7018,2982,0
0.30000000000000004,0.0,0.0,0.5,0.2,6971,3029,0
0.30000000000000004,0.0,0.0,0.4,0.30000000000000004,7063,2937,0
0.30000000000000004,0.0,0.0,0.30000000000000004,0.4,6959,3041,0
0.30000000000000004,0.0,0.0,0.2,0.5,7057,2943,0
0.30000000000000004,0.0,0.0,0.1,0.6000000000000001,7035,2965,0
0.30000000000000004,0.0,0.0,0.0,0.7000000000000001,7057,2943,0
0.2,0.8,0.0,0.0,0.0,0,10000,0
0.2,0.7000000000000001,0.1,0.0,0.0,0,10000,0
0.2,0.7000000000000001,0.0,0.1,0.0,658,9342,0
0.2,0.7000000000000001,0.0,0.0,0.1,987,9013,0
0.2,0.6000000000000001,0.2,0.0,0.0,0,10000,0
0.2,0.6000000000000001,0.1,0.1,0.0,680,9320,0
0.2,0.6000000000000001,0.1,0.0,0.1,981,9019,0
0.2,0.6000000000000001,0.0,0.2,0.0,1580,8420,0
0.2,0.6000000000000001,0.0,0.1,0.1,1805,8195,0
0.2,0.6000000000000001,0.0,0.0,0.2,1929,8071,0
0.2,0.5,0.30000000000000004,0.0,0.0,0,10000,0
0.2,0.5,0.2,0.1,0.0,773,9227,0
0.2,0.5,0.2,0.0,0.1,985,9015,0
0.2,0.5,0.1,0.2,0.0,1667,8333,0
0.2,0.5,0.1,0.1,0.1,1795,8205,0
0.2,0.5,0.1,0.0,0.2,2047,7953,0
0.2,0.5,0.0,0.30000000000000004,0.0,2619,7381,0
0.2,0.5,0.0,0.2,0.1,2759,7241,0
0.2,0.5,0.0,0.1,0.2,2865,7135,0
0.2,0.5,0.0,0.0,0.30000000000000004,2997,7003,0
0.2,0.4,0.4,0.0,0.0,0,10000,0
0.2,0.4,0.30000000000000004,0.1,0.0,771,9229,0
0.2,0.4,0.30000000000000004,0.0,0.1,994,9006,0
0.2,0.4,0.2,0.2,0.0,1680,8320,0
0.2,0.4,0.2,0.1,0.1,1803,8197,0
0.2,0.4,0.2,0.0,0.2,1975,8025,0
0.2,0.4,0.1,0.30000000000000004,0.0,2669,7331,0
0.2,0.4,0.1,0.2,0.1,2802,7198,0
0.2,0.4,0.1,0.1,0.2,3011,6989,0
0.2,0.4,0.1,0.0,0.30000000000000004,3017,6983,0
0.2,0.4,0.0,0.4,0.0,3764,6236,0
0.2,0.4,0.0,0.30000000000000004,0.1,3838,6162,0
0.2,0.4,0.0,0.2,0.2,3907,6093,0
0.2,0.4,0.0,0.1,0.30000000000000004,3927,6073,0
0.2,0.4,0.0,0.0,0.4,4004,5996,0
0.2,0.30000000000000004,0.5,0.0,0.0,0,10000,0
0.2,0.30000000000000004,0.4,0.1,0.0,783,9217,0
0.2,0.30000000000000004,0.4,0.0,0.1,977,9023,0
0.2,0.30000000000000004,0.30000000000000004,0.2,0.0,1684,8316,0
0.2,0.30000000000000004,0.30000000000000004,0.1,0.1,1915,8085,0
0.2,0.30000000000000004,0.30000000000000004,0.0,0.2,2075,7925,0
0.2,0.30000000000000004,0.2,0.30000000000000004,0.0,2619,7381,0
0.2,0.30000000000000004,0.2,0.2,0.1,2834,7166,0
0.2,0.30000000000000004,0.2,0.1,0.2,2858,7142,0
0.2,0.30000000000000004,0.2,0.0,0.30000000000000004,2964,7036,0
0.2,0.30000000000000004,0.1,0.4,0.0,3825,6175,0
0.2,0.30000000000000004,0.1,0.30000000000000004,0.1,3840,6160,0
0.2,0.30000000000000004,0.1,0.2,0.2,3918,6082,0
0.2,0.30000000000000004,0.1,0.1,0.30000000000000004,3911,6089,0
0.2,0.30000000000000004,0.1,0.0,0.4,4097,5903,0
0.2,0.30000000000000004,0.0,0.5,0.0,4928,5072,0
0.2,0.30000000000000004,0.0,0.4,0.1,4919,5081,0
0.2,0.30000000000000004,0.0,0.30000000000000004,0.2,4852,5148,0
0.2,0.30000000000000004,0.0,0.2,0.30000000000000004,4929,5071,0
0.2,0.30000000000000004,0.0,0.1,0.4,4996,5004,0
0.2,0.30000000000000004,0.0,0.0,0.5,4980,5020,0
0.2,0.2,0.6000000000000001,0.0,0.0,0,10000,0
0.2,0.2,0.5,0.1,0.0,784,9216,0
0.2,0.2,0.5,0.0,0.1,1044,8956,0
0.2,0.2,0.4,0.2,0.0,1653,8347,0
0.2,0.2,0.4,0.1,0.1,1795,8205,0
0.2,0.2,0.4,0.0,0.2,2098,7902,0
0.2,0.2,0.30000000000000004,0.30000000000000004,0.0,2686,7314,0
0.2,0.2,0.30000000000000004,0.2,0.1,2765,7235,0
0.2,0.2,0.30000000000000004,0.1,0.2,2824,7176,0
0.2,0.2,0.30000000000000004,0.0,0.30000000000000004,3001,6999,0
0.2,0.2,0.2,0.4,0.0,3861,6139,0
0.2,0.2,0.2,0.30000000000000004,0.1,3834,6166,0
0.2,0.2,0.2,0.2,0.2,3886,6114,0
0.2,0.2,0.2,0.1,0.30000000000000004,3959,6041,0
0.2,0.2,0.2,0.0,0.4,3961,6039,0
0.2,0.2,0.1,0.5,0.0,4897,5103,0
0.2,0.2,0.1,0.4,0.1,4965,5035,0
0.2,0.2,0.1,0.30000000000000004,0.2,4933,5067,0
0.2,0.2,0.1,0.2,0.30000000000000004,4993,5007,0
0.2,0.2,0.1,0.1,0.4,4980,5020,0
0.2,0.2,0.1,0.0,0.5,4964,5036,0
0.2,0.2,0.0,0.6000000000000001,0.0,6082,3918,0
0.2,0.2,0.0,0.5,0.1,6005,3995,0
0.2,0.2,0.0,0.4,0.2,5906,4094,0
0.2,0.2,0.0,0.30000000000000004,0.30000000000000004,6059,3941,0
0.2,0.2,0.0,0.2,0.4,6017,3983,0
0.2,0.2,0.0,0.1,0.5,6016,3984,0
0.2,0.2,0.0,0.0,0.6000000000000001,5989,4011,0
0.2,0.1,0.7000000000000001,0.0,0.0,0,10000,0
0.2,0.1,0.6000000000000001,0.1,0.0,687,9313,0
0.2,0.1,0.6000000000000001,0.0,0.1,975,9025,0
0.2,0.1,0.5,0.2,0.0,1604,8396,0
0.2,0.1,0.5,0.1,0.1,1769,8231,0
0.2,0.1,0.5,0.0,0.2,2004,7996,0
0.2,0.1,0.4,0.30000000000000004,0.0,2692,7308,0
0.2,0.1,0.4,0.2,0.1,2756,7244,0
0.2,0.1,0.4,0.1,0.2,2889,7111,0
0.2,0.1,0.4,0.0,0.30000000000000004,3024,6976,0
0.2,0.1,0.30000000000000004,0.4,0.0,3820,6180,0
0.2,0.1,0.30000000000000004,0.30000000000000004,0.1,3687,6313,0
0.2,0.1,0.30000000000000004,0.2,0.2,3895,6105,0
0.2,0.1,0.30000000000000004,0.1,0.30000000000000004,3958,6042,0
0.2,0.1,0.30000000000000004,0.0,0.4,3924,6076,0
0.2,0.1,0.2,0.5,0.0,4991,5009,0
0.2,0.1,0.2,0.4,0.1,4858,5142,0
0.2,0.1,0.2,0.30000000000000004,0.2,4923,5077,0
0.2,0.1,0.2,0.2,0.30000000000000004,4993,5007,0
0.2,0.1,0.2,0.1,0.4,4952,5048,0
0.2,0.1,0.2,0.0,0.5,4947,5053,0
0.2,0.1,0.1,0.6000000000000001,0.0,5979,4021,0
0.2,0.1,0.1,0.5,0.1,5924,4076,0
0.2,0.1,0.1,0.4,0.2,6051,3949,0
0.2,0.1,0.1,0.30000000000000004,0.30000000000000004,5971,4029,0
0.2,0.1,0.1,0.2,0.4,5994,4006,0
0.2,0.1,0.1,0.1,0.5,5965,4035,0
0.2,0.1,0.1,0.0,0.6000000000000001,6033,3967,0
0.2,0.1,0.0,0.7000000000000001,0.0,6936,3064,0
0.2,0.1,0.0,0.6000000000000001,0.1,6957,3043,0
0.2,0.1,0.0,0.5,0.2,6938,3062,0
0.2,0.1,0.0,0.4,0.30000000000000004,6970,3030,0
0.2,0.1,0.0,0.30000000000000004,0.4,7046,2954,0
0.2,0.1,0.0,0.2,0.5,6995,3005,0
0.2,0.1,0.0,0.1,0.6000000000000001,6922,3078,0
0.2,0.1,0.0,0.0,0.7000000000000001,7028,2972,0
0.2,0.0,0.8,0.0,0.0,0,10000,0
0.2,0.0,0.7000000000000001,0.1,0.0,710,9290,0
0.2,0.0,0.7000000000000001,0.0,0.1,977,9023,0
0.2,0.0,0.6000000000000001,0.2,0.0,1558,8442,0
0.2,0.0,0.6000000000000001,0.1,0.1,1727,8273,0
0.2,0.0,0.6000000000000001,0.0,0.2,1968,8032,0
0.2,0.0,0.5,0.30000000000000004,0.0,2560,7440,0
0.2,0.0,0.5,0.2,0.1,2629,7371,0
0.2,0.0,0.5,0.1,0.2,2775,7225,0
0.2,0.0,0.5,0.0,0.30000000000000004,2979,7021,0
0.2,0.0,0.4,0.4,0.0,3668,6332,0
0.2,0.0,0.4,0.30000000000000004,0.1,3594,6406,0
0.2,0.0,0.4,0.2,0.2,3672,6328,0
0.2,0.0,0.4,0.1,0.30000000000000004,3797,6203,0
0.2,0.0,0.4,0.0,0.4,3995,6005,0
0.2,0.0,0.30000000000000004,0.5,0.0,4772,5228,0
0.2,0.0,0.30000000000000004,0.4,0.1,4714,5286,0
0.2,0.0,0.30000000000000004,0.30000000000000004,0.2,4784,5216,0
0.2,0.0,0.30000000000000004,0.2,0.30000000000000004,4850,5150,0
0.2,0.0,0.30000000000000004,0.1,0.4,4887,5113,0
0.2,0.0,0.30000000000000004,0.0,0.5,5069,4931,0
0.2,0.0,0.2,0.6000000000000001,0.0,5838,4162,0
0.2,0.0,0.2,0.5,0.1,5824,4176,0
0.2,0.0,0.2,0.4,0.2,5874,4126,0
0.2,0.0,0.2,0.30000000000000004,0.30000000000000004,5885,4115,0
0.2,0.0,0.2,0.2,0.4,5950,4050,0
0.2,0.0,0.2,0.1,0.5,5945,4055,0
0.2,0.0,0.2,0.0,0.6000000000000001,6010,3990,0
0.2,0.0,0.1,0.7000000000000001,0.0,6956,3044,0
0.2,0.0,0.1,0.6000000000000001,0.1,7007,2993,0
0.2,0.0,0.1,0.5,0.2,6931,3069,0
0.2,0.0,0.1,0.4,0.30000000000000004,6928,3072,0
0.2,0.0,0.1,0.30000000000000004,0.4,7046,2954,0
0.2,0.0,0.1,0.2,0.5,6991,3009,0
0.2,0.0,0.1,0.1,0.6000000000000001,6967,3033,0
0.2,0.0,0.1,0.0,0.7000000000000001,6955,3045,0
0.2,0.0,0.0,0.8,0.0,8018,1982,0
0.2,0.0,0.0,0.7000000000000001,0.1,8117,1883,0
0.2,0.0,0.0,0.6000000000000001,0.2,8098,1902,0
0.2,0.0,0.0,0.5,0.30000000000000004,7992,2008,0
0.2,0.0,0.0,0.4,0.4,8036,1964,0
0.2,0.0,0.0,0.30000000000000004,0.5,7949,2051,0
0.2,0.0,0.0,0.2,0.6000000000000001,8035,1965,0
0.2,0.0,0.0,0.1,0.7000000000000001,8090,1910,0
0.2,0.0,0.0,0.0,0.8,8009,1991,0
0.1,0.9,0.0,0.0,0.0,0,10000,0
0.1,0.8,0.1,0.0,0.0,0,10000,0
0.1,0.8,0.0,0.1,0.0,451,9549,0
0.1,0.8,0.0,0.0,0.1,1003,8997,0
0.1,0.7000000000000001,0.2,0.0,0.0,0,10000,0
0.1,0.7000000000000001,0.1,0.1,0.0,534,9466,0
0.1,0.7000000000000001,0.1,0.0,0.1,972,9028,0
0.1,0.7000000000000001,0.0,0.2,0.0,1151,8849,0
0.1,0.7000000000000001,0.0,0.1,0.1,1638,8362,0
0.1,0.7000000000000001,0.0,0.0,0.2,1981,8019,0
0.1,0.6000000000000001,0.30000000000000004,0.0,0.0,0,10000,0
0.1,0.6000000000000001,0.2,0.1,0.0,588,9412,0
0.1,0.6000000000000001,0.2,0.0,0.1,984,9016,0
0.1,0.6000000000000001,0.1,0.2,0.0,1303,8697,0
0.1,0.6000000000000001,0.1,0.1,0.1,1629,8371,0
0.1,0.6000000000000001,0.1,0.0,0.2,2017,7983,0
0.1,0.6000000000000001,0.0,0.30000000000000004,0.0,2134,7866,0
0.1,0.6000000000000001,0.0,0.2,0.1,2543,7457,0
0.1,0.6000000000000001,0.0,0.1,0.2,2782,7218,0
0.1,0.6000000000000001,0.0,0.0,0.30000000000000004,3130,6870,0
0.1,0.5,0.4,0.0,0.0,0,10000,0
0.1,0.5,0.30000000000000004,0.1,0.0,611,9389,0
0.1,0.5,0.30000000000000004,0.0,0.1,985,9015,0
0.1,0.5,0.2,0.2,0.0,1369,8631,0
0.1,0.5,0.2,0.1,0.1,1785,8215,0
0.1,0.5,0.2,0.0,0.2,1922,8078,0
0.1,0.5,0.1,0.30000000000000004,0.0,2382,7618,0
0.1,0.5,0.1,0.2,0.1,2561,7439,0
0.1,0.5,0.1,0.1,0.2,2823,7177,0
0.1,0.5,0.1,0.0,0.30000000000000004,3046,6954,0
0.1,0.5,0.0,0.4,0.0,3463,6537,0
0.1,0.5,0.0,0.30000000000000004,0.1,3640,6360,0
0.1,0.5,0.0,0.2,0.2,3671,6329,0
0.1,0.5,0.0,0.1,0.30000000000000004,3835,6165,0
0.1,0.5,0.0,0.0,0.4,4026,5974,0
0.1,0.4,0.5,0.0,0.0,0,10000,0
0.1,0.4,0.4,0.1,0.0,623,9377,0
0.1,0.4,0.4,0.0,0.1,1065,8935,0
0.1,0.4,0.30000000000000004,0.2,0.0,1502,8498,0
0.1,0.4,0.30000000000000004,0.1,0.1,1752,8248,0
0.1,0.4,0.30000000000000004,0.0,0.2,2006,7994,0
0.1,0.4,0.2,0.30000000000000004,0.0,2480,7520,0
0.1,0.4,0.2,0.2,0.1,2728,7272,0
0.1,0.4,0.2,0.1,0.2,2811,7189,0
0.1,0.4,0.2,0.0,0.30000000000000004,2909,7091,0
0.1,0.4,0.1,0.4,0.0,3587,6413,0
0.1,0.4,0.1,0.30000000000000004,0.1,3615,6385,0
0.1,0.4,0.1,0.2,0.2,3657,6343,0
0.1,0.4,0.1,0.1,0.30000000000000004,3958,6042,0
0.1,0.4,0.1,0.0,0.4,3994,6006,0
0.1,0.4,0.0,0.5,0.0,4600,5400,0
0.1,0.4,0.0,0.4,0.1,4770,5230,0
0.1,0.4,0.0,0.30000000000000004,0.2,4744,5256,0
0.1,0.4,0.0,0.2,0.30000000000000004,4871,5129,0
0.1,0.4,0.0,0.1,0.4,4873,5127,0
0.1,0.4,0.0,0.0,0.5,5030,4970,0
0.1,0.30000000000000004,0.6000000000000001,0.0,0.0,0,10000,0
0.1,0.30000000000000004,0.5,0.1,0.0,621,9379,0
0.1,0.30000000000000004,0.5,0.0,0.1,1013,8987,0
0.1,0.30000000000000004,0.4,0.2,0.0,1489,8511,0
0.1,0.30000000000000004,0.4,0.1,0.1,1753,8247,0
0.1,0.30000000000000004,0.4,0.0,0.2,2012,7988,0
0.1,0.30000000000000004,0.30000000000000004,0.30000000000000004,0.0,2503,7497,0
0.1,0.30000000000000004,0.30000000000000004,0.2,0.1,2672,7328,0
0.1,0.30000000000000004,0.30000000000000004,0.1,0.2,2732,7268,0
0.1,0.30000000000000004,0.30000000000000004,0.0,0.30000000000000004,3054,6946,0
0.1,0.30000000000000004,0.2,0.4,0.0,3596,6404,0
0.1,0.30000000000000004,0.2,0.30000000000000004,0.1,3777,6223,0
0.1,0.30000000000000004,0.2,0.2,0.2,3793,6207,0
0.1,0.30000000000000004,0.2,0.1,0.30000000000000004,3909,6091,0
0.1,0.30000000000000004,0.2,0.0,0.4,4014,5986,0
0.1,0.30000000000000004,0.1,0.5,0.0,4729,5271,0
0.1,0.30000000000000004,0.1,0.4,0.1,4667,5333,0
0.1,0.30000000000000004,0.1,0.30000000000000004,0.2,4837,5163,0
0.1,0.30000000000000004,0.1,0.2,0.30000000000000004,4925,5075,0
0.1,0.30000000000000004,0.1,0.1,0.4,5047,4953,0
0.1,0.30000000000000004,0.1,0.0,0.5,4946,5054,0
0.1,0.30000000000000004,0.0,0.6000000000000001,0.0,5980,4020,0
0.1,0.30000000000000004,0.0,0.5,0.1,5909,4091,0
0.1,0.30000000000000004,0.0,0.4,0.2,5927,4073,0
0.1,0.30000000000000004,0.0,0.30000000000000004,0.30000000000000004,5918,4082,0
0.1,0.30000000000000004,0.0,0.2,0.4,5913,4087,0
0.1,0.30000000000000004,0.0,0.1,0.5,5989,4011,0
0.1,0.30000000000000004,0.0,0.0,0.6000000000000001,6009,3991,0
0.1,0.2,0.7000000000000001,0.0,0.0,0,10000,0
0.1,0.2,0.6000000000000001,0.1,0.0,727,9273,0
0.1,0.2,0.6000000000000001,0.0,0.1,1021,8979,0
0.1,0.2,0.5,0.2,0.0,1554,8446,0
0.1,0.2,0.5,0.1,0.1,1746,8254,0
0.1,0.2,0.5,0.0,0.2,2026,7974,0
0.1,0.2,0.4,0.30000000000000004,0.0,2459,7541,0
0.1,0.2,0.4,0.2,0.1,2709,7291,0
0.1,0.2,0.4,0.1,0.2,2839,7161,0
0.1,0.2,0.4,0.0,0.30000000000000004,2963,7037,0
0.1,0.2,0.30000000000000004,0.4,0.0,3675,6325,0
0.1,0.2,0.30000000000000004,0.30000000000000004,0.1,3648,6352,0
0.1,0.2,0.30000000000000004,0.2,0.2,3800,6200,0
0.1,0.2,0.30000000000000004,0.1,0.30000000000000004,3864,6136,0
0.1,0.2,0.30000000000000004,0.0,0.4,3983,6017,0
0.1,0.2,0.2,0.5,0.0,4804,5196,0
0.1,0.2,0.2,0.4,0.1,4725,5275,0
0.1,0.2,0.2,0.30000000000000004,0.2,4756,5244,0
0.1,0.2,0.2,0.2,0.30000000000000004,4815,5185,0
0.1,0.2,0.2,0.1,0.4,4929,5071,0
0.1,0.2,0.2,0.0,0.5,4992,5008,0
0.1,0.2,0.1,0.6000000000000001,0.0,6006,3994,0
0.1,0.2,0.1,0.5,0.1,5860,4140,0
0.1,0.2,0.1,0.4,0.2,5920,4080,0
0.1,0.2,0.1,0.30000000000000004,0.30000000000000004,5926,4074,0
0.1,0.2,0.1,0.2,0.4,5908,4092,0
0.1,0.2,0.1,0.1,0.5,5961,4039,0
0.1,0.2,0.1,0.0,0.6000000000000001,5999,4001,0
0.1,0.2,0.0,0.7000000000000001,0.0,6919,3081,0
0.1,0.2,0.0,0.6000000000000001,0.1,6987,3013,0
0.1,0.2,0.0,0.5,0.2,6906,3094,0
0.1,0.2,0.0,0.4,0.30000000000000004,6920,3080,0
0.1,0.2,0.0,0.30000000000000004,0.4,6993,3007,0
0.1,0.2,0.0,0.2,0.5,6959,3041,0
0.1,0.2,0.0,0.1,0.6000000000000001,6930,3070,0
0.1,0.2,0.0,0.0,0.7000000000000001,6990,3010,0
0.1,0.1,0.8,0.0,0.0,0,10000,0
0.1,0.1,0.7000000000000001,0.1,0.0,720,9280,0
0.1,0.1,0.7000000000000001,0.0,0.1,971,9029,0
0.1,0.1,0.6000000000000001,0.2,0.0,1531,8469,0
0.1,0.1,0.6000000000000001,0.1,0.1,1714,8286,0
0.1,0.1,0.6000000000000001,0.0,0.2,2004,7996,0
0.1,0.1,0.5,0.30000000000000004,0.0,2453,7547,0
0.1,0.1,0.5,0.2,0.1,2499,7501,0
0.1,0.1,0.5,0.1,0.2,2713,7287,0
0.1,0.1,0.5,0.0,0.30000000000000004,3019,6981,0
0.1,0.1,0.4,0.4,0.0,3555,6445,0
0.1,0.1,0.4,0.30000000000000004,0.1,3574,6426,0
0.1,0.1,0.4,0.2,0.2,3695,6305,0
0.1,0.1,0.4,0.1,0.30000000000000004,3796,6204,0
0.1,0.1,0.4,0.0,0.4,4012,5988,0
0.1,0.1,0.30000000000000004,0.5,0.0,4612,5388,0
0.1,0.1,0.30000000000000004,0.4,0.1,4675,5325,0
0.1,0.1,0.30000000000000004,0.30000000000000004,0.2,4803,5197,0
0.1,0.1,0.30000000000000004,0.2,0.30000000000000004,4834,5166,0
0.1,0.1,0.30000000000000004,0.1,0.4,4956,5044,0
0.1,0.1,0.30000000000000004,0.0,0.5,5011,4989,0
0.1,0.1,0.2,0.6000000000000001,0.0,5794,4206,0
0.1,0.1,0.2,0.5,0.1,5916,4084,0
0.1,0.1,0.2,0.4,0.2,5713,4287,0
0.1,0.1,0.2,0.30000000000000004,0.30000000000000004,5829,4171,0
0.1,0.1,0.2,0.2,0.4,5889,4111,0
0.1,0.1,0.2,0.1,0.5,5946,4054,0
0.1,0.1,0.2,0.0,0.6000000000000001,6136,3864,0
0.1,0.1,0.1,0.7000000000000001,0.0,6982,3018,0
0.1,0.1,0.1,0.6000000000000001,0.1,6963,3037,0
0.1,0.1,0.1,0.5,0.2,6960,3040,0
0.1,0.1,0.1,0.4,0.30000000000000004,6990,3010,0
0.1,0.1,0.1,0.30000000000000004,0.4,7003,2997,0
0.1,0.1,0.1,0.2,0.5,6930,3070,0
0.1,0.1,0.1,0.1,0.6000000000000001,6982,3018,0
0.1,0.1,0.1,0.0,0.7000000000000001,6977,3023,0
0.1,0.1,0.0,0.8,0.0,7972,2028,0
0.1,0.1,0.0,0.7000000000000001,0.1,7984,2016,0
0.1,0.1,0.0,0.6000000000000001,0.2,8018,1982,0
0.1,0.1,0.0,0.5,0.30000000000000004,7971,2029,0
0.1,0.1,0.0,0.4,0.4,8007,1993,0
0.1,0.1,0.0,0.30000000000000004,0.5,8059,1941,0
0.1,0.1,0.0,0.2,0.6000000000000001,7943,2057,0
0.1,0.1,0.0,0.1,0.7000000000000001,7999,2001,0
0.1,0.1,0.0,0.0,0.8,7969,2031,0
0.1,0.0,0.9,0.0,0.0,0,10000,0
0.1,0.0,0.8,0.1,0.0,693,9307,0
0.1,0.0,0.8,0.0,0.1,990,9010,0
0.1,0.0,0.7000000000000001,0.2,0.0,1351,8649,0
0.1,0.0,0.7000000000000001,0.1,0.1,1694,8306,0
0.1,0.0,0.7000000000000001,0.0,0.2,2040,7960,0
0.1,0.0,0.6000000000000001,0.30000000000000004,0.0,2260,7740,0
0.1,0.0,0.6000000000000001,0.2,0.1,2423,7577,0
0.1,0.0,0.6000000000000001,0.1,0.2,2666,7334,0
0.1,0.0,0.6000000000000001,0.0,0.30000000000000004,3062,6938,0
0.1,0.0,0.5,0.4,0.0,3340,6660,0
0.1,0.0,0.5,0.30000000000000004,0.1,3454,6546,0
0.1,0.0,0.5,0.2,0.2,3450,6550,0
0.1,0.0,0.5,0.1,0.30000000000000004,3711,6289,0
0.1,0.0,0.5,0.0,0.4,4022,5978,0
0.1,0.0,0.4,0.5,0.0,4478,5522,0
0.1,0.0,0.4,0.4,0.1,4528,5472,0
0.1,0.0,0.4,0.30000000000000004,0.2,4590,5410,0
0.1,0.0,0.4,0.2,0.30000000000000004,4639,5361,0
0.1,0.0,0.4,0.1,0.4,4879,5121,0
0.1,0.0,0.4,0.0,0.5,5077,4923,0
0.1,0.0,0.30000000000000004,0.6000000000000001,0.0,5650,4350,0
0.1,0.0,0.30000000000000004,0.5,0.1,5651,4349,0
0.1,0.0,0.30000000000000004,0.4,0.2,5685,4315,0
0.1,0.0,0.30000000000000004,0.30000000000000004,0.30000000000000004,5670,4330,0
0.1,0.0,0.30000000000000004,0.2,0.4,5818,4182,0
0.1,0.0,0.30000000000000004,0.1,0.5,5830,4170,0
0.1,0.0,0.30000000000000004,0.0,0.6000000000000001,5943,4057,0
0.1,0.0,0.2,0.7000000000000001,0.0,6807,3193,0
0.1,0.0,0.2,0.6000000000000001,0.1,6780,3220,0
0.1,0.0,0.2,0.5,0.2,6752,3248,0
0.1,0.0,0.2,0.4,0.30000000000000004,6846,3154,0
0.1,0.0,0.2,0.30000000000000004,0.4,6936,3064,0
0.1,0.0,0.2,0.2,0.5,6852,3148,0
0.1,0.0,0.2,0.1,0.6000000000000001,6989,3011,0
0.1,0.0,0.2,0.0,0.7000000000000001,7041,2959,0
0.1,0.0,0.1,0.8,0.0,7965,2035,0
0.1,0.0,0.1,0.7000000000000001,0.1,7894,2106,0
0.1,0.0,0.1,0.6000000000000001,0.2,7881,2119,0
0.1,0.0,0.1,0.5,0.30000000000000004,7973,2027,0
0.1,0.0,0.1,0.4,0.4,7901,2099,0
0.1,0.0,0.1,0.30000000000000004,0.5,8017,1983,0
0.1,0.0,0.1,0.2,0.6000000000000001,7979,2021,0
0.1,0.0,0.1,0.1,0.7000000000000001,8006,1994,0
0.1,0.0,0.1,0.0,0.8,7982,2018,0
0.1,0.0,0.0,0.9,0.0,8990,1010,0
0.1,0.0,0.0,0.8,0.1,9026,974,0
0.1,0.0,0.0,0.7000000000000001,0.2,8983,1017,0
0.1,0.0,0.0,0.6000000000000001,0.30000000000000004,8991,1009,0
0.1,0.0,0.0,0.5,0.4,8988,1012,0
0.1,0.0,0.0,0.4,0.5,9011,989,0
0.1,0.0,0.0,0.30000000000000004,0.6000000000000001,8989,1011,0
0.1,0.0,0.0,0.2,0.7000000000000001,9002,998,0
0.1,0.0,0.0,0.1,0.8,8970,1030,0
0.1,0.0,0.0,0.0,0.9,9023,977,0
0.0,1.0,0.0,0.0,0.0,0,10000,0
0.0,0.9,0.1,0.0,0.0,0,10000,0
0.0,0.9,0.0,0.1,0.0,46,9954,0
0.0,0.9,0.0,0.0,0.1,1011,8989,0
0.0,0.8,0.2,0.0,0.0,0,10000,0
0.0,0.8,0.1,0.1,0.0,113,9887,0
0.0,0.8,0.1,0.0,0.1,995,9005,0
0.0,0.8,0.0,0.2,0.0,348,9652,0
0.0,0.8,0.0,0.1,0.1,1330,8670,0
0.0,0.8,0.0,0.0,0.2,2015,7985,0
0.0,0.7000000000000001,0.30000000000000004,0.0,0.0,0,10000,0
0.0,0.7000000000000001,0.2,0.1,0.0,209,9791,0
0.0,0.7000000000000001,0.2,0.0,0.1,1020,8980,0
0.0,0.7000000000000001,0.1,0.2,0.0,580,9420,0
0.0,0.7000000000000001,0.1,0.1,0.1,1413,8587,0
0.0,0.7000000000000001,0.1,0.0,0.2,1998,8002,0
0.0,0.7000000000000001,0.0,0.30000000000000004,0.0,1149,8851,0
0.0,0.7000000000000001,0.0,0.2,0.1,1977,8023,0
0.0,0.7000000000000001,0.0,0.1,0.2,2611,7389,0
0.0,0.7000000000000001,0.0,0.0,0.30000000000000004,3025,6975,0
0.0,0.6000000000000001,0.4,0.0,0.0,0,10000,0
0.0,0.6000000000000001,0.30000000000000004,0.1,0.0,314,9686,0
0.0,0.6000000000000001,0.30000000000000004,0.0,0.1,946,9054,0
0.0,0.6000000000000001,0.2,0.2,0.0,913,9087,0
0.0,0.6000000000000001,0.2,0.1,0.1,1480,8520,0
0.0,0.6000000000000001,0.2,0.0,0.2,2020,7980,0
0.0,0.6000000000000001,0.1,0.30000000000000004,0.0,1491,8509,0
0.0,0.6000000000000001,0.1,0.2,0.1,2232,7768,0
0.0,0.6000000000000001,0.1,0.1,0.2,2618,7382,0
0.0,0.6000000000000001,0.1,0.0,0.30000000000000004,2924,7076,0
0.0,0.6000000000000001,0.0,0.4,0.0,2579,7421,0
0.0,0.6000000000000001,0.0,0.30000000000000004,0.1,3034,6966,0
0.0,0.6000000000000001,0.0,0.2,0.2,3422,6578,0
0.0,0.6000000000000001,0.0,0.1,0.30000000000000004,3769,6231,0
0.0,0.6000000000000001,0.0,0.0,0.4,4012,5988,0
0.0,0.5,0.5,0.0,0.0,0,10000,0
0.0,0.5,0.4,0.1,0.0,488,9512,0
0.0,0.5,0.4,0.0,0.1,992,9008,0
0.0,0.5,0.30000000000000004,0.2,0.0,1060,8940,0
0.0,0.5,0.30000000000000004,0.1,0.1,1584,8416,0
0.0,0.5,0.30000000000000004,0.0,0.2,1969,8031,0
0.0,0.5,0.2,0.30000000000000004,0.0,1847,8153,0
0.0,0.5,0.2,0.2,0.1,2347,7653,0
0.0,0.5,0.2,0.1,0.2,2681,7319,0
0.0,0.5,0.2,0.0,0.30000000000000004,2963,7037,0
0.0,0.5,0.1,0.4,0.0,2858,7142,0
0.0,0.5,0.1,0.30000000000000004,0.1,3234,6766,0
0.0,0.5,0.1,0.2,0.2,3647,6353,0
0.0,0.5,0.1,0.1,0.30000000000000004,3763,6237,0
0.0,0.5,0.1,0.0,0.4,3954,6046,0
0.0,0.5,0.0,0.5,0.0,4116,5884,0
0.0,0.5,0.0,0.4,0.1,4451,5549,0
0.0,0.5,0.0,0.30000000000000004,0.2,4536,5464,0
0.0,0.5,0.0,0.2,0.30000000000000004,4687,5313,0
0.0,0.5,0.0,0.1,0.4,4909,5091,0
0.0,0.5,0.0,0.0,0.5,5061,4939,0
0.0,0.4,0.6000000000000001,0.0,0.0,0,10000,0
0.0,0.4,0.5,0.1,0.0,467,9533,0
0.0,0.4,0.5,0.0,0.1,996,9004,0
0.0,0.4,0.4,0.2,0.0,1173,8827,0
0.0,0.4,0.4,0.1,0.1,1743,8257,0
0.0,0.4,0.4,0.0,0.2,2049,7951,0
0.0,0.4,0.30000000000000004,0.30000000000000004,0.0,2130,7870,0
0.0,0.4,0.30000000000000004,0.2,0.1,2430,7570,0
0.0,0.4,0.30000000000000004,0.1,0.2,2648,7352,0
0.0,0.4,0.30000000000000004,0.0,0.30000000000000004,3127,6873,0
0.0,0.4,0.2,0.4,0.0,3116,6884,0
0.0,0.4,0.2,0.30000000000000004,0.1,3486,6514,0
0.0,0.4,0.2,0.2,0.2,3655,6345,0
0.0,0.4,0.2,0.1,0.30000000000000004,3834,6166,0
0.0,0.4,0.2,0.0,0.4,4072,5928,0
0.0,0.4,0.1,0.5,0.0,4333,5667,0
0.0,0.4,0.1,0.4,0.1,4456,5544,0
0.0,0.4,0.1,0.30000000000000004,0.2,4640,5360,0
0.0,0.4,0.1,0.2,0.30000000000000004,4776,5224,0
0.0,0.4,0.1,0.1,0.4,4933,5067,0
0.0,0.4,0.1,0.0,0.5,5011,4989,0
0.0,0.4,0.0,0.6000000000000001,0.0,5612,4388,0
0.0,0.4,0.0,0.5,0.1,5718,4282,0
0.0,0.4,0.0,0.4,0.2,5702,4298,0
0.0,0.4,0.0,0.30000000000000004,0.30000000000000004,5797,4203,0
0.0,0.4,0.0,0.2,0.4,5982,4018,0
0.0,0.4,0.0,0.1,0.5,5955,4045,0
0.0,0.4,0.0,0.0,0.6000000000000001,5991,4009,0
0.0,0.30000000000000004,0.7000000000000001,0.0,0.0,0,10000,0
0.0,0.30000000000000004,0.6000000000000001,0.1,0.0,536,9464,0
0.0,0.30000000000000004,0.6000000000000001,0.0,0.1,998,9002,0
0.0,0.30000000000000004,0.5,0.2,0.0,1329,8671,0
0.0,0.30000000000000004,0.5,0.1,0.1,1644,8356,0
0.0,0.30000000000000004,0.5,0.0,0.2,1936,8064,0
0.0,0.30000000000000004,0.4,0.30000000000000004,0.0,2242,7758,0
0.0,0.30000000000000004,0.4,0.2,0.1,2406,7594,0
0.0,0.30000000000000004,0.4,0.1,0.2,2755,7245,0
0.0,0.30000000000000004,0.4,0.0,0.30000000000000004,3065,6935,0
0.0,0.30000000000000004,0.30000000000000004,0.4,0.0,3294,6706,0
0.0,0.30000000000000004,0.30000000000000004,0.30000000000000004,0.1,3459,6541,0
0.0,0.30000000000000004,0.30000000000000004,0.2,0.2,3662,6338,0
0.0,0.30000000000000004,0.30000000000000004,0.1,0.30000000000000004,3901,6099,0
0.0,0.30000000000000004,0.30000000000000004,0.0,0.4,4100,5900,0
0.0,0.30000000000000004,0.2,0.5,0.0,4466,5534,0
0.0,0.30000000000000004,0.2,0.4,0.1,4552,5448,0
0.0,0.30000000000000004,0.2,0.30000000000000004,0.2,4687,5313,0
0.0,0.30000000000000004,0.2,0.2,0.30000000000000004,4791,5209,0
0.0,0.30000000000000004,0.2,0.1,0.4,4872,5128,0
0.0,0.30000000000000004,0.2,0.0,0.5,5006,4994,0
0.0,0.30000000000000004,0.1,0.6000000000000001,0.0,5597,4403,0
0.0,0.30000000000000004,0.1,0.5,0.1,5739,4261,0
0.0,0.30000000000000004,0.1,0.4,0.2,5690,4310,0
0.0,0.30000000000000004,0.1,0.30000000000000004,0.30000000000000004,5908,4092,0
0.0,0.30000000000000004,0.1,0.2,0.4,5912,4088,0
0.0,0.30000000000000004,0.1,0.1,0.5,5943,4057,0
0.0,0.30000000000000004,0.1,0.0,0.6000000000000001,5964,4036,0
0.0,0.30000000000000004,0.0,0.7000000000000001,0.0,6918,3082,0
0.0,0.30000000000000004,0.0,0.6000000000000001,0.1,6880,3120,0
0.0,0.30000000000000004,0.0,0.5,0.2,6862,3138,0
0.0,0.30000000000000004,0.0,0.4,0.30000000000000004,6846,3154,0
0.0,0.30000000000000004,0.0,0.30000000000000004,0.4,6875,3125,0
0.0,0.30000000000000004,0.0,0.2,0.5,6962,3038,0
0.0,0.30000000000000004,0.0,0.1,0.6000000000000001,6992,3008,0
0.0,0.30000000000000004,0.0,0.0,0.7000000000000001,7046,2954,0
0.0,0.2,0.8,0.0,0.0,0,10000,0
0.0,0.2,0.7000000000000001,0.1,0.0,673,9327,0
0.0,0.2,0.7000000000000001,0.0,0.1,989,9011,0
0.0,0.2,0.6000000000000001,0.2,0.0,1385,8615,0
0.0,0.2,0.6000000000000001,0.1,0.1,1641,8359,0
0.0,0.2,0.6000000000000001,0.0,0.2,2057,7943,0
0.0,0.2,0.5,0.30000000000000004,0.0,2263,7737,0
0.0,0.2,0.5,0.2,0.1,2467,7533,0
0.0,0.2,0.5,0.1,0.2,2701,7299,0
0.0,0.2,0.5,0.0,0.30000000000000004,2951,7049,0
0.0,0.2,0.4,0.4,0.0,3340,6660,0
0.0,0.2,0.4,0.30000000000000004,0.1,3538,6462,0
0.0,0.2,0.4,0.2,0.2,3616,6384,0
0.0,0.2,0.4,0.1,0.30000000000000004,3869,6131,0
0.0,0.2,0.4,0.0,0.4,4044,5956,0
0.0,0.2,0.30000000000000004,0.5,0.0,4439,5561,0
0.0,0.2,0.30000000000000004,0.4,0.1,4648,5352,0
0.0,0.2,0.30000000000000004,0.30000000000000004,0.2,4643,5357,0
0.0,0.2,0.30000000000000004,0.2,0.30000000000000004,4754,5246,0
0.0,0.2,0.30000000000000004,0.1,0.4,4845,5155,0
0.0,0.2,0.30000000000000004,0.0,0.5,4978,5022,0
0.0,0.2,0.2,0.6000000000000001,0.0,5728,4272,0
0.0,0.2,0.2,0.5,0.1,5762,4238,0
0.0,0.2,0.2,0.4,0.2,5674,4326,0
0.0,0.2,0.2,0.30000000000000004,0.30000000000000004,5715,4285,0
0.0,0.2,0.2,0.2,0.4,5854,4146,0
0.0,0.2,0.2,0.1,0.5,5989,4011,0
0.0,0.2,0.2,0.0,0.6000000000000001,5968,4032,0
0.0,0.2,0.1,0.7000000000000001,0.0,6934,3066,0
0.0,0.2,0.1,0.6000000000000001,0.1,6910,3090,0
0.0,0.2,0.1,0.5,0.2,6988,3012,0
0.0,0.2,0.1,0.4,0.30000000000000004,6916,3084,0
0.0,0.2,0.1,0.30000000000000004,0.4,6898,3102,0
0.0,0.2,0.1,0.2,0.5,6863,3137,0
0.0,0.2,0.1,0.1,0.6000000000000001,6969,3031,0
0.0,0.2,0.1,0.0,0.7000000000000001,6957,3043,0
0.0,0.2,0.0,0.8,0.0,8001,1999,0
0.0,0.2,0.0,0.7000000000000001,0.1,8010,1990,0
0.0,0.2,0.0,0.6000000000000001,0.2,8033,1967,0
0.0,0.2,0.0,0.5,0.30000000000000004,7931,2069,0
0.0,0.2,0.0,0.4,0.4,7997,2003,0
0.0,0.2,0.0,0.30000000000000004,0.5,8026,1974,0
0.0,0.2,0.0,0.2,0.6000000000000001,8014,1986,0
0.0,0.2,0.0,0.1,0.7000000000000001,8039,1961,0
0.0,0.2,0.0,0.0,0.8,8007,1993,0
0.0,0.1,0.9,0.0,0.0,0,10000,0
0.0,0.1,0.8,0.1,0.0,669,9331,0
0.0,0.1,0.8,0.0,0.1,1013,8987,0
0.0,0.1,0.7000000000000001,0.2,0.0,1407,8593,0
0.0,0.1,0.7000000000000001,0.1,0.1,1757,8243,0
0.0,0.1,0.7000000000000001,0.0,0.2,2002,7998,0
0.0,0.1,0.6000000000000001,0.30000000000000004,0.0,2256,7744,0
0.0,0.1,0.6000000000000001,0.2,0.1,2441,7559,0
0.0,0.1,0.6000000000000001,0.1,0.2,2715,7285,0
0.0,0.1,0.6000000000000001,0.0,0.30000000000000004,2953,7047,0
0.0,0.1,0.5,0.4,0.0,3311,6689,0
0.0,0.1,0.5,0.30000000000000004,0.1,3432,6568,0
0.0,0.1,0.5,0.2,0.2,3508,6492,0
0.0,0.1,0.5,0.1,0.30000000000000004,3714,6286,0
0.0,0.1,0.5,0.0,0.4,3974,6026,0
0.0,0.1,0.4,0.5,0.0,4593,5407,0
0.0,0.1,0.4,0.4,0.1,4508,5492,0
0.0,0.1,0.4,0.30000000000000004,0.2,4557,5443,0
0.0,0.1,0.4,0.2,0.30000000000000004,4575,5425,0
0.0,0.1,0.4,0.1,0.4,4814,5186,0
0.0,0.1,0.4,0.0,0.5,5021,4979,0
0.0,0.1,0.30000000000000004,0.6000000000000001,0.0,5747,4253,0
0.0,0.1,0.30000000000000004,0.5,0.1,5651,4349,0
0.0,0.1,0.30000000000000004,0.4,0.2,5682,4318,0
0.0,0.1,0.30000000000000004,0.30000000000000004,0.30000000000000004,5788,4212,0
0.0,0.1,0.30000000000000004,0.2,0.4,5750,4250,0
0.0,0.1,0.30000000000000004,0.1,0.5,5832,4168,0
0.0,0.1,0.30000000000000004,0.0,0.6000000000000001,5970,4030,0
0.0,0.1,0.2,0.7000000000000001,0.0,6795,3205,0
0.0,0.1,0.2,0.6000000000000001,0.1,6946,3054,0
0.0,0.1,0.2,0.5,0.2,6771,3229,0
0.0,0.1,0.2,0.4,0.30000000000000004,6769,3231,0
0.0,0.1,0.2,0.30000000000000004,0.4,6900,3100,0
0.0,0.1,0.2,0.2,0.5,6959,3041,0
0.0,0.1,0.2,0.1,0.6000000000000001,6936,3064,0
0.0,0.1,0.2,0.0,0.7000000000000001,6967,3033,0
0.0,0.1,0.1,0.8,0.0,7914,2086,0
0.0,0.1,0.1,0.7000000000000001,0.1,7918,2082,0
0.0,0.1,0.1,0.6000000000000001,0.2,7941,2059,0
0.0,0.1,0.1,0.5,0.30000000000000004,7936,2064,0
0.0,0.1,0.1,0.4,0.4,7944,2056,0
0.0,0.1,0.1,0.30000000000000004,0.5,8022,1978,0
0.0,0.1,0.1,0.2,0.6000000000000001,7934,2066,0
0.0,0.1,0.1,0.1,0.7000000000000001,7923,2077,0
0.0,0.1,0.1,0.0,0.8,8053,1947,0
0.0,0.1,0.0,0.9,0.0,8974,1026,0
0.0,0.1,0.0,0.8,0.1,9011,989,0
0.0,0.1,0.0,0.7000000000000001,0.2,8988,1012,0
0.0,0.1,0.0,0.6000000000000001,0.30000000000000004,8992,1008,0
0.0,0.1,0.0,0.5,0.4,8982,1018,0
0.0,0.1,0.0,0.4,0.5,8982,1018,0
0.0,0.1,0.0,0.30000000000000004,0.6000000000000001,8982,1018,0
0.0,0.1,0.0,0.2,0.7000000000000001,9005,995,0
0.0,0.1,0.0,0.1,0.8,8959,1041,0
0.0,0.1,0.0,0.0,0.9,8980,1020,0
0.0,0.0,1.0,0.0,0.0,0,10000,0
0.0,0.0,0.9,0.1,0.0,651,9349,0
0.0,0.0,0.9,0.0,0.1,1048,8952,0
0.0,0.0,0.8,0.2,0.0,1177,8823,0
0.0,0.0,0.8,0.1,0.1,1671,8329,0
0.0,0.0,0.8,0.0,0.2,2031,7969,0
0.0,0.0,0.7000000000000001,0.30000000000000004,0.0,1978,8022,0
0.0,0.0,0.7000000000000001,0.2,0.1,2348,7652,0
0.0,0.0,0.7000000000000001,0.1,0.2,2570,7430,0
0.0,0.0,0.7000000000000001,0.0,0.30000000000000004,2944,7056,0
0.0,0.0,0.6000000000000001,0.4,0.0,3050,6950,0
0.0,0.0,0.6000000000000001,0.30000000000000004,0.1,3223,6777,0
0.0,0.0,0.6000000000000001,0.2,0.2,3326,6674,0
0.0,0.0,0.6000000000000001,0.1,0.30000000000000004,3677,6323,0
0.0,0.0,0.6000000000000001,0.0,0.4,3993,6007,0
0.0,0.0,0.5,0.5,0.0,4395,5605,0
0.0,0.0,0.5,0.4,0.1,4344,5656,0
0.0,0.0,0.5,0.30000000000000004,0.2,4387,5613,0
0.0,0.0,0.5,0.2,0.30000000000000004,4470,5530,0
0.0,0.0,0.5,0.1,0.4,4715,5285,0
0.0,0.0,0.5,0.0,0.5,5013,4987,0
0.0,0.0,0.4,0.6000000000000001,0.0,5647,4353,0
0.0,0.0,0.4,0.5,0.1,5546,4454,0
0.0,0.0,0.4,0.4,0.2,5423,4577,0
0.0,0.0,0.4,0.30000000000000004,0.30000000000000004,5566,4434,0
0.0,0.0,0.4,0.2,0.4,5484,4516,0
0.0,0.0,0.4,0.1,0.5,5819,4181,0
0.0,0.0,0.4,0.0,0.6000000000000001,5886,4114,0
0.0,0.0,0.30000000000000004,0.7000000000000001,0.0,6802,3198,0
0.0,0.0,0.30000000000000004,0.6000000000000001,0.1,6720,3280,0
0.0,0.0,0.30000000000000004,0.5,0.2,6721,3279,0
0.0,0.0,0.30000000000000004,0.4,0.30000000000000004,6640,3360,0
0.0,0.0,0.30000000000000004,0.30000000000000004,0.4,6674,3326,0
0.0,0.0,0.30000000000000004,0.2,0.5,6764,3236,0
0.0,0.0,0.30000000000000004,0.1,0.6000000000000001,6917,3083,0
0.0,0.0,0.30000000000000004,0.0,0.7000000000000001,7044,2956,0
0.0,0.0,0.2,0.8,0.0,7864,2136,0
0.0,0.0,0.2,0.7000000000000001,0.1,7811,2189,0
0.0,0.0,0.2,0.6000000000000001,0.2,7837,2163,0
0.0,0.0,0.2,0.5,0.30000000000000004,7851,2149,0
0.0,0.0,0.2,0.4,0.4,7864,2136,0
0.0,0.0,0.2,0.30000000000000004,0.5,7859,2141,0
0.0,0.0,0.2,0.2,0.6000000000000001,7951,2049,0
0.0,0.0,0.2,0.1,0.7000000000000001,7910,2090,0
0.0,0.0,0.2,0.0,0.8,8033,1967,0
0.0,0.0,0.1,0.9,0.0,8979,1021,0
0.0,0.0,0.1,0.8,0.1,8983,1017,0
0.0,0.0,0.1,0.7000000000000001,0.2,8946,1054,0
0.0,0.0,0.1,0.6000000000000001,0.30000000000000004,8917,1083,0
0.0,0.0,0.1,0.5,0.4,8956,1044,0
0.0,0.0,0.1,0.4,0.5,8997,1003,0
0.0,0.0,0.1,0.30000000000000004,0.6000000000000001,8981,1019,0
0.0,0.0,0.1,0.2,0.7000000000000001,9014,986,0
0.0,0.0,0.1,0.1,0.8,8998,1002,0
0.0,0.0,0.1,0.0,0.9,9001,999,0
0.0,0.0,0.0,1.0,0.0,10000,0,0
0.0,0.0,0.0,0.9,0.1,10000,0,0
0.0,0.0,0.0,0.8,0.2,10000,0,0
0.0,0.0,0.0,0.7000000000000001,0.30000000000000004,10000,0,0
0.0,0.0,0.0,0.6000000000000001,0.4,10000,0,0
0.0,0.0,0.0,0.5,0.5,10000,0,0
0.0,0.0,0.0,0.4,0.6000000000000001,10000,0,0
0.0,0.0,0.0,0.30000000000000004,0.7000000000000001,10000,0,0
0.0,0.0,0.0,0.2,0.8,10000,0,0
0.0,0.0,0.0,0.1,0.9,10000,0,0
0.0,0.0,0.0,0.0,1.0,10000,0,0
